/* AUTO-GENERATED by compile_battle_scripts.py - do not edit */
#include "global.h"
#include "battle.h"
#include "battle_message.h"
#include "battle_setup.h"
#include "safari_zone.h"
#include "battle_desktop/generated/battle_scripts.h"

/* Extern declarations for arrays with no header declaration */
extern const u16 gAbsorbDrainStringIds[];
extern const u16 gBRNPreventionStringIds[];
extern const u16 gBallEscapeStringIds[];
extern const u16 gBattlePalaceFlavorTextTable[];
extern const u16 gBerryEffectStringIds[];
extern const u16 gCaughtMonStringIds[];
extern const u16 gFellAsleepStringIds[];
extern const u16 gFirstTurnOfTwoStringIds[];
extern const u16 gFlashFireStringIds[];
extern const u16 gFocusEnergyUsedStringIds[];
extern const u16 gFutureMoveUsedStringIds[];
extern const u16 gGotBurnedStringIds[];
extern const u16 gGotDefrostedStringIds[];
extern const u16 gGotFrozenStringIds[];
extern const u16 gGotParalyzedStringIds[];
extern const u16 gGotPoisonedStringIds[];
extern const u16 gInobedientStringIds[];
extern const u16 gItemSwapStringIds[];
extern const u16 gKOFailedStringIds[];
extern const u16 gLeechSeedStringIds[];
extern const u16 gMistUsedStringIds[];
extern const u16 gMoveWeatherChangeStringIds[];
extern const u16 gNoEscapeStringIds[];
extern const u16 gPRLZPreventionStringIds[];
extern const u16 gPSNPreventionStringIds[];
extern const u16 gPartyStatusHealStringIds[];
extern const u16 gProtectLikeUsedStringIds[];
extern const u16 gRainContinuesStringIds[];
extern const u16 gReflectLightScreenSafeguardStringIds[];
extern const u16 gRestUsedStringIds[];
extern const u16 gSafariGetNearStringIds[];
extern const u16 gSafariPokeblockResultStringIds[];
extern const u16 gSandStormHailContinuesStringIds[];
extern const u16 gSandStormHailDmgStringIds[];
extern const u16 gSandStormHailEndStringIds[];
extern const u16 gSportsUsedStringIds[];
extern const u16 gStatDownStringIds[];
extern const u16 gStatUpStringIds[];
extern const u16 gStockpileUsedStringIds[];
extern const u16 gSubstituteUsedStringIds[];
extern const u16 gSwallowFailStringIds[];
extern const u16 gTrainerItemCuredStatusStringIds[];
extern const u16 gTransformUsedStringIds[];
extern const u16 gUproarAwakeStringIds[];
extern const u16 gUproarOverTurnStringIds[];
extern const u16 gWeatherStartsStringIds[];
extern const u16 gWokeUpStringIds[];
extern const u16 gWrappedStringIds[];

const u8 gBattleScriptData[22895] = {
    0x58, 0x03, 0x00, 0x00, 0xC5, 0x03, 0x00, 0x00, 0x37, 0x04, 0x00, 0x00, 0x42, 0x04, 0x00, 0x00,
    0xB0, 0x04, 0x00, 0x00, 0xBB, 0x04, 0x00, 0x00, 0xC6, 0x04, 0x00, 0x00, 0xD1, 0x04, 0x00, 0x00,
    0x51, 0x05, 0x00, 0x00, 0xBA, 0x05, 0x00, 0x00, 0xD2, 0x05, 0x00, 0x00, 0xDD, 0x05, 0x00, 0x00,
    0x58, 0x03, 0x00, 0x00, 0xE8, 0x05, 0x00, 0x00, 0x58, 0x03, 0x00, 0x00, 0x58, 0x03, 0x00, 0x00,
    0xF3, 0x05, 0x00, 0x00, 0x58, 0x03, 0x00, 0x00, 0x3C, 0x06, 0x00, 0x00, 0x47, 0x06, 0x00, 0x00,
    0x52, 0x06, 0x00, 0x00, 0x58, 0x03, 0x00, 0x00, 0x58, 0x03, 0x00, 0x00, 0x5D, 0x06, 0x00, 0x00,
    0x68, 0x06, 0x00, 0x00, 0xCD, 0x06, 0x00, 0x00, 0xDE, 0x06, 0x00, 0x00, 0xF2, 0x06, 0x00, 0x00,
    0x0C, 0x07, 0x00, 0x00, 0x42, 0x07, 0x00, 0x00, 0x06, 0x08, 0x00, 0x00, 0x1B, 0x08, 0x00, 0x00,
    0x26, 0x08, 0x00, 0x00, 0x49, 0x08, 0x00, 0x00, 0xD5, 0x08, 0x00, 0x00, 0xE0, 0x08, 0x00, 0x00,
    0xE9, 0x08, 0x00, 0x00, 0xF4, 0x08, 0x00, 0x00, 0x3F, 0x09, 0x00, 0x00, 0x70, 0x09, 0x00, 0x00,
    0xF1, 0x09, 0x00, 0x00, 0x08, 0x0A, 0x00, 0x00, 0x37, 0x0A, 0x00, 0x00, 0x58, 0x03, 0x00, 0x00,
    0x68, 0x0A, 0x00, 0x00, 0x80, 0x0A, 0x00, 0x00, 0xD1, 0x0A, 0x00, 0x00, 0xE4, 0x0A, 0x00, 0x00,
    0x01, 0x0B, 0x00, 0x00, 0x1A, 0x0B, 0x00, 0x00, 0x6A, 0x0B, 0x00, 0x00, 0x75, 0x0B, 0x00, 0x00,
    0x80, 0x0B, 0x00, 0x00, 0x8B, 0x0B, 0x00, 0x00, 0x96, 0x0B, 0x00, 0x00, 0x58, 0x03, 0x00, 0x00,
    0x58, 0x03, 0x00, 0x00, 0xA1, 0x0B, 0x00, 0x00, 0xB4, 0x0B, 0x00, 0x00, 0xBF, 0x0B, 0x00, 0x00,
    0xCA, 0x0B, 0x00, 0x00, 0x58, 0x03, 0x00, 0x00, 0xD5, 0x0B, 0x00, 0x00, 0x58, 0x03, 0x00, 0x00,
    0x58, 0x03, 0x00, 0x00, 0xE0, 0x0B, 0x00, 0x00, 0xF3, 0x0B, 0x00, 0x00, 0x54, 0x0C, 0x00, 0x00,
    0xD4, 0x0C, 0x00, 0x00, 0xDF, 0x0C, 0x00, 0x00, 0xEA, 0x0C, 0x00, 0x00, 0xF5, 0x0C, 0x00, 0x00,
    0x00, 0x0D, 0x00, 0x00, 0x0B, 0x0D, 0x00, 0x00, 0x58, 0x03, 0x00, 0x00, 0x16, 0x0D, 0x00, 0x00,
    0x3E, 0x0D, 0x00, 0x00, 0x49, 0x0D, 0x00, 0x00, 0x58, 0x03, 0x00, 0x00, 0x61, 0x0D, 0x00, 0x00,
    0xA7, 0x0D, 0x00, 0x00, 0xC5, 0x0D, 0x00, 0x00, 0xEC, 0x0D, 0x00, 0x00, 0x12, 0x0E, 0x00, 0x00,
    0x26, 0x0E, 0x00, 0x00, 0x4D, 0x0E, 0x00, 0x00, 0x5F, 0x0E, 0x00, 0x00, 0x7B, 0x0E, 0x00, 0x00,
    0x93, 0x0E, 0x00, 0x00, 0xAB, 0x0E, 0x00, 0x00, 0xC1, 0x0E, 0x00, 0x00, 0xDD, 0x0E, 0x00, 0x00,
    0x14, 0x0F, 0x00, 0x00, 0x4E, 0x0F, 0x00, 0x00, 0x63, 0x0F, 0x00, 0x00, 0x85, 0x0F, 0x00, 0x00,
    0x58, 0x03, 0x00, 0x00, 0xA4, 0x0F, 0x00, 0x00, 0xE6, 0x0F, 0x00, 0x00, 0xF7, 0x0F, 0x00, 0x00,
    0xFD, 0x0F, 0x00, 0x00, 0x58, 0x03, 0x00, 0x00, 0x19, 0x10, 0x00, 0x00, 0x58, 0x03, 0x00, 0x00,
    0x5E, 0x10, 0x00, 0x00, 0x41, 0x11, 0x00, 0x00, 0x4C, 0x11, 0x00, 0x00, 0x7E, 0x11, 0x00, 0x00,
    0xB8, 0x11, 0x00, 0x00, 0xC5, 0x11, 0x00, 0x00, 0x58, 0x03, 0x00, 0x00, 0x8E, 0x12, 0x00, 0x00,
    0xA1, 0x12, 0x00, 0x00, 0xB6, 0x12, 0x00, 0x00, 0xCE, 0x12, 0x00, 0x00, 0x0F, 0x13, 0x00, 0x00,
    0x8E, 0x12, 0x00, 0x00, 0x18, 0x13, 0x00, 0x00, 0x33, 0x13, 0x00, 0x00, 0x91, 0x13, 0x00, 0x00,
    0xB0, 0x13, 0x00, 0x00, 0xCC, 0x13, 0x00, 0x00, 0xDA, 0x13, 0x00, 0x00, 0xCC, 0x13, 0x00, 0x00,
    0xE6, 0x13, 0x00, 0x00, 0xEF, 0x13, 0x00, 0x00, 0xFA, 0x13, 0x00, 0x00, 0x0D, 0x14, 0x00, 0x00,
    0x58, 0x03, 0x00, 0x00, 0x48, 0x14, 0x00, 0x00, 0x53, 0x14, 0x00, 0x00, 0x58, 0x03, 0x00, 0x00,
    0x82, 0x14, 0x00, 0x00, 0x82, 0x14, 0x00, 0x00, 0x82, 0x14, 0x00, 0x00, 0x8F, 0x14, 0x00, 0x00,
    0x95, 0x14, 0x00, 0x00, 0xAD, 0x14, 0x00, 0x00, 0xB6, 0x14, 0x00, 0x00, 0xC1, 0x14, 0x00, 0x00,
    0xCC, 0x14, 0x00, 0x00, 0x58, 0x03, 0x00, 0x00, 0xD7, 0x14, 0x00, 0x00, 0xF9, 0x14, 0x00, 0x00,
    0x0E, 0x15, 0x00, 0x00, 0x24, 0x15, 0x00, 0x00, 0x73, 0x15, 0x00, 0x00, 0x98, 0x15, 0x00, 0x00,
    0x1C, 0x16, 0x00, 0x00, 0x33, 0x16, 0x00, 0x00, 0x52, 0x16, 0x00, 0x00, 0x68, 0x16, 0x00, 0x00,
    0xBE, 0x16, 0x00, 0x00, 0xD2, 0x16, 0x00, 0x00, 0x0C, 0x17, 0x00, 0x00, 0x63, 0x17, 0x00, 0x00,
    0x0E, 0x18, 0x00, 0x00, 0x30, 0x18, 0x00, 0x00, 0x61, 0x18, 0x00, 0x00, 0x98, 0x18, 0x00, 0x00,
    0xB8, 0x18, 0x00, 0x00, 0xCB, 0x18, 0x00, 0x00, 0x0D, 0x19, 0x00, 0x00, 0x58, 0x03, 0x00, 0x00,
    0x2A, 0x19, 0x00, 0x00, 0x33, 0x19, 0x00, 0x00, 0x4F, 0x19, 0x00, 0x00, 0xAD, 0x19, 0x00, 0x00,
    0x24, 0x1A, 0x00, 0x00, 0xC7, 0x1A, 0x00, 0x00, 0xE1, 0x1A, 0x00, 0x00, 0xF3, 0x1A, 0x00, 0x00,
    0x1D, 0x1B, 0x00, 0x00, 0x2E, 0x1B, 0x00, 0x00, 0x3B, 0x1B, 0x00, 0x00, 0x4C, 0x1B, 0x00, 0x00,
    0x68, 0x1B, 0x00, 0x00, 0x7D, 0x1B, 0x00, 0x00, 0xAB, 0x1B, 0x00, 0x00, 0xC7, 0x1B, 0x00, 0x00,
    0xD7, 0x1B, 0x00, 0x00, 0xEE, 0x1B, 0x00, 0x00, 0x03, 0x1C, 0x00, 0x00, 0x0E, 0x1C, 0x00, 0x00,
    0x23, 0x1C, 0x00, 0x00, 0x38, 0x1C, 0x00, 0x00, 0x3E, 0x1C, 0x00, 0x00, 0x8F, 0x1C, 0x00, 0x00,
    0xE8, 0x1C, 0x00, 0x00, 0xF3, 0x1C, 0x00, 0x00, 0x2E, 0x1D, 0x00, 0x00, 0x34, 0x1D, 0x00, 0x00,
    0x50, 0x1D, 0x00, 0x00, 0x65, 0x1D, 0x00, 0x00, 0x7C, 0x1D, 0x00, 0x00, 0x91, 0x1D, 0x00, 0x00,
    0xA9, 0x1D, 0x00, 0x00, 0xB9, 0x1D, 0x00, 0x00, 0xBF, 0x1D, 0x00, 0x00, 0xCA, 0x1D, 0x00, 0x00,
    0xB0, 0x04, 0x00, 0x00, 0x81, 0x1E, 0x00, 0x00, 0x98, 0x1E, 0x00, 0x00, 0xA3, 0x1E, 0x00, 0x00,
    0xA9, 0x1E, 0x00, 0x00, 0xB4, 0x1E, 0x00, 0x00, 0x3B, 0x1F, 0x00, 0x00, 0x9F, 0x1F, 0x00, 0x00,
    0xAD, 0x1F, 0x00, 0x00, 0x37, 0x04, 0x00, 0x00, 0x81, 0x1E, 0x00, 0x00, 0x11, 0x20, 0x00, 0x00,
    0x89, 0x20, 0x00, 0x00, 0xED, 0x20, 0x00, 0x00, 0x2A, 0x01, 0x00, 0x00, 0x14, 0x80, 0x39, 0x00,
    0x7E, 0x03, 0x00, 0x00, 0x21, 0x00, 0x00, 0x00, 0x04, 0x00, 0x01, 0x7E, 0x03, 0x00, 0x00, 0x35,
    0x00, 0x00, 0x21, 0x80, 0x00, 0x00, 0x04, 0x00, 0x2E, 0x0E, 0x00, 0x07, 0x80, 0x02, 0x00, 0x01,
    0xB6, 0x03, 0x00, 0x00, 0x00, 0x00, 0x02, 0x03, 0x04, 0x05, 0x06, 0x07, 0x09, 0x0A, 0x0E, 0x5C,
    0x00, 0x3A, 0x0B, 0x00, 0x0C, 0x00, 0x0D, 0x12, 0x40, 0x00, 0x0F, 0x12, 0x40, 0x00, 0x15, 0x19,
    0x00, 0x00, 0x00, 0x00, 0x00, 0x00, 0x2E, 0x14, 0x00, 0x07, 0x80, 0x00, 0x49, 0x00, 0x00, 0x3D,
    0x33, 0x00, 0x00, 0x29, 0x80, 0x01, 0x02, 0x03, 0x39, 0x20, 0x00, 0x0E, 0x0F, 0x12, 0x40, 0x00,
    0x28, 0xA6, 0x03, 0x00, 0x00, 0x00, 0x02, 0x03, 0x1D, 0x00, 0x00, 0x00, 0x00, 0x01, 0x74, 0x18,
    0x00, 0x00, 0x1C, 0x00, 0x07, 0x00, 0x00, 0x00, 0x08, 0x04, 0x00, 0x00, 0x84, 0x27, 0x04, 0x00,
    0x00, 0x1C, 0x00, 0xFF, 0x00, 0x00, 0x00, 0x74, 0x18, 0x00, 0x00, 0x01, 0x74, 0x18, 0x00, 0x00,
    0x00, 0x00, 0x1F, 0x00, 0x20, 0x00, 0x59, 0x26, 0x00, 0x00, 0x09, 0x0A, 0x2E, 0x03, 0x00, 0x03,
    0x80, 0x01, 0x16, 0x28, 0xA6, 0x03, 0x00, 0x00, 0x76, 0x01, 0x17, 0x39, 0x20, 0x00, 0x10, 0x25,
    0x00, 0x12, 0x40, 0x00, 0x28, 0xA6, 0x03, 0x00, 0x00, 0x39, 0x20, 0x00, 0x10, 0x27, 0x00, 0x12,
    0x40, 0x00, 0x28, 0xA6, 0x03, 0x00, 0x00, 0x39, 0x20, 0x00, 0x13, 0x00, 0x00, 0x42, 0x80, 0x12,
    0x40, 0x00, 0x28, 0xA6, 0x03, 0x00, 0x00, 0x2E, 0x03, 0x00, 0x03, 0x80, 0x02, 0x28, 0x58, 0x03,
    0x00, 0x00, 0x00, 0x01, 0xB6, 0x03, 0x00, 0x00, 0x00, 0x00, 0x02, 0x03, 0x04, 0x05, 0x06, 0x07,
    0x09, 0x0A, 0x0E, 0x5C, 0x00, 0x3A, 0x0B, 0x00, 0x0C, 0x00, 0x0D, 0x12, 0x40, 0x00, 0x0F, 0x12,
    0x40, 0x00, 0x88, 0x35, 0x00, 0x00, 0x21, 0x80, 0x00, 0x01, 0x00, 0x00, 0x1E, 0x00, 0x40, 0x7E,
    0x04, 0x00, 0x00, 0x2E, 0x05, 0x00, 0x03, 0x80, 0x00, 0x28, 0x86, 0x04, 0x00, 0x00, 0x80, 0x00,
    0x2E, 0x05, 0x00, 0x03, 0x80, 0x01, 0x0B, 0x01, 0x0C, 0x01, 0x29, 0x04, 0x00, 0x00, 0x29, 0x80,
    0x29, 0x9D, 0x04, 0x00, 0x00, 0x13, 0x00, 0x00, 0x00, 0x80, 0x12, 0x40, 0x00, 0x19, 0x01, 0x00,
    0x00, 0x00, 0x00, 0x00, 0x19, 0x00, 0x00, 0x00, 0x00, 0x00, 0x00, 0x28, 0xA6, 0x03, 0x00, 0x00,
    0x2E, 0x03, 0x00, 0x03, 0x80, 0x03, 0x28, 0x58, 0x03, 0x00, 0x00, 0x2E, 0x03, 0x00, 0x03, 0x80,
    0x04, 0x28, 0x58, 0x03, 0x00, 0x00, 0x2E, 0x03, 0x00, 0x03, 0x80, 0x05, 0x28, 0x58, 0x03, 0x00,
    0x00, 0x00, 0x02, 0x03, 0x78, 0x79, 0x3A, 0x29, 0x05, 0x00, 0x00, 0x29, 0x80, 0x01, 0xEC, 0x04,
    0x00, 0x00, 0x41, 0x42, 0x05, 0x00, 0x00, 0x28, 0xEE, 0x04, 0x00, 0x00, 0x09, 0x0A, 0x25, 0x04,
    0x05, 0x06, 0x07, 0x01, 0x27, 0x05, 0x00, 0x00, 0x00, 0x00, 0x0E, 0x5C, 0x00, 0x3A, 0x0B, 0x00,
    0x0C, 0x00, 0x0D, 0x12, 0x40, 0x00, 0x0F, 0x12, 0x40, 0x00, 0x19, 0x00, 0x00, 0x00, 0x00, 0x00,
    0x00, 0x2E, 0x14, 0x00, 0x07, 0x80, 0x00, 0x49, 0x02, 0x10, 0x7A, 0xEE, 0x04, 0x00, 0x00, 0x19,
    0x01, 0x00, 0x00, 0x00, 0x00, 0x00, 0x3D, 0x0E, 0x0F, 0x12, 0x40, 0x00, 0x2E, 0x14, 0x00, 0x07,
    0x80, 0x00, 0x49, 0x02, 0x10, 0x7A, 0xEE, 0x04, 0x00, 0x00, 0x19, 0x01, 0x00, 0x00, 0x00, 0x00,
    0x00, 0x3D, 0x36, 0x00, 0x00, 0x29, 0x80, 0x01, 0x09, 0x0A, 0x33, 0x00, 0x00, 0x29, 0x80, 0x01,
    0x3C, 0x00, 0x1D, 0x00, 0x00, 0x00, 0x00, 0x01, 0x66, 0x05, 0x00, 0x00, 0x1C, 0x00, 0x07, 0x00,
    0x00, 0x00, 0x70, 0x05, 0x00, 0x00, 0x02, 0x03, 0x12, 0x40, 0x00, 0x28, 0x19, 0x04, 0x00, 0x00,
    0x01, 0xB6, 0x03, 0x00, 0x00, 0x00, 0x00, 0x02, 0x03, 0x04, 0x05, 0x06, 0x07, 0x09, 0x0A, 0x0E,
    0x5C, 0x00, 0x3A, 0x0B, 0x00, 0x0C, 0x00, 0x0D, 0x12, 0x40, 0x00, 0x0F, 0x12, 0x40, 0x00, 0x88,
    0x35, 0x00, 0x00, 0x21, 0x80, 0x00, 0x01, 0x00, 0x00, 0x0B, 0x01, 0x0C, 0x01, 0x29, 0x04, 0x00,
    0x00, 0x29, 0x80, 0x29, 0xAE, 0x05, 0x00, 0x00, 0x10, 0x3C, 0x00, 0x12, 0x40, 0x00, 0x19, 0x00,
    0x00, 0x00, 0x00, 0x00, 0x00, 0x28, 0xA6, 0x03, 0x00, 0x00, 0x00, 0x02, 0x39, 0x40, 0x00, 0x7C,
    0x03, 0x33, 0x00, 0x00, 0x29, 0x80, 0x20, 0x10, 0xE7, 0x00, 0x12, 0x40, 0x00, 0x28, 0xA6, 0x03,
    0x00, 0x00, 0x2E, 0x1A, 0x00, 0x07, 0x80, 0x11, 0x28, 0xF9, 0x05, 0x00, 0x00, 0x2E, 0x1A, 0x00,
    0x07, 0x80, 0x12, 0x28, 0xF9, 0x05, 0x00, 0x00, 0x2E, 0x1A, 0x00, 0x07, 0x80, 0x14, 0x28, 0xF9,
    0x05, 0x00, 0x00, 0x2E, 0x1A, 0x00, 0x07, 0x80, 0x17, 0x00, 0x02, 0x03, 0x89, 0x41, 0x27, 0x06,
    0x00, 0x00, 0x29, 0x01, 0x05, 0x00, 0x03, 0x80, 0x02, 0x15, 0x06, 0x00, 0x00, 0x39, 0x20, 0x00,
    0x28, 0x1F, 0x06, 0x00, 0x00, 0x09, 0x0A, 0x47, 0x45, 0x01, 0x01, 0x10, 0x00, 0x07, 0x80, 0x13,
    0x00, 0x00, 0x3B, 0x80, 0x12, 0x40, 0x00, 0x28, 0xA6, 0x03, 0x00, 0x00, 0x45, 0x02, 0x01, 0x10,
    0x00, 0x07, 0x80, 0x13, 0x00, 0x00, 0x3B, 0x80, 0x12, 0x40, 0x00, 0x3C, 0x2E, 0x1A, 0x00, 0x07,
    0x80, 0x91, 0x28, 0x6E, 0x06, 0x00, 0x00, 0x2E, 0x1A, 0x00, 0x07, 0x80, 0x92, 0x28, 0x6E, 0x06,
    0x00, 0x00, 0x2E, 0x1A, 0x00, 0x07, 0x80, 0x93, 0x28, 0x6E, 0x06, 0x00, 0x00, 0x2E, 0x1A, 0x00,
    0x07, 0x80, 0x96, 0x28, 0x6E, 0x06, 0x00, 0x00, 0x2E, 0x1A, 0x00, 0x07, 0x80, 0x97, 0x00, 0x1D,
    0x00, 0x00, 0x00, 0x00, 0x01, 0x72, 0x18, 0x00, 0x00, 0x01, 0xB6, 0x03, 0x00, 0x00, 0x00, 0x00,
    0x02, 0x03, 0x89, 0x01, 0xB8, 0x06, 0x00, 0x00, 0x29, 0x03, 0x05, 0x00, 0x03, 0x80, 0x02, 0xA6,
    0x06, 0x00, 0x00, 0x29, 0x00, 0x05, 0x00, 0x03, 0x80, 0x03, 0xB8, 0x06, 0x00, 0x00, 0x39, 0x20,
    0x00, 0x28, 0xB0, 0x06, 0x00, 0x00, 0x09, 0x0A, 0x47, 0x45, 0x00, 0x01, 0x10, 0x00, 0x07, 0x80,
    0x13, 0x00, 0x00, 0x3A, 0x80, 0x12, 0x40, 0x00, 0x28, 0xA6, 0x03, 0x00, 0x00, 0x45, 0x02, 0x01,
    0x10, 0x00, 0x07, 0x80, 0x13, 0x00, 0x00, 0x3A, 0x80, 0x12, 0x40, 0x00, 0x3C, 0x00, 0x02, 0x03,
    0x09, 0x0A, 0x8A, 0x10, 0xF9, 0x00, 0x12, 0x40, 0x00, 0x28, 0xA6, 0x03, 0x00, 0x00, 0x00, 0x02,
    0x03, 0x09, 0x0A, 0x35, 0x00, 0x00, 0x21, 0x80, 0x00, 0x00, 0x00, 0x08, 0x8B, 0x28, 0xA6, 0x03,
    0x00, 0x00, 0x00, 0x01, 0xB6, 0x03, 0x00, 0x00, 0x00, 0x00, 0x02, 0x1D, 0x01, 0x00, 0x10, 0x00,
    0x00, 0x06, 0x07, 0x00, 0x00, 0x03, 0x8C, 0x28, 0x88, 0x03, 0x00, 0x00, 0x00, 0x02, 0x03, 0x1E,
    0x00, 0x15, 0x11, 0x2F, 0x00, 0x00, 0x21, 0x00, 0x00, 0x04, 0x00, 0x00, 0x00, 0x61, 0x2A, 0x00,
    0x00, 0x01, 0x74, 0x18, 0x00, 0x00, 0xFF, 0xFF, 0x01, 0xB8, 0x03, 0x00, 0x00, 0x00, 0x00, 0x2B,
    0x04, 0x00, 0x00, 0x09, 0x80, 0x00, 0x00, 0x04, 0x00, 0x74, 0x18, 0x00, 0x00, 0x8F, 0x74, 0x18,
    0x00, 0x00, 0x00, 0x01, 0xB6, 0x03, 0x00, 0x00, 0x00, 0x00, 0x02, 0x03, 0x8D, 0x00, 0x8E, 0x2E,
    0x16, 0x00, 0x07, 0x80, 0x00, 0xE3, 0x01, 0xEB, 0x07, 0x00, 0x00, 0xE3, 0x00, 0xCC, 0x07, 0x00,
    0x00, 0x2A, 0x00, 0x00, 0x00, 0x12, 0x80, 0xD6, 0x00, 0x77, 0x07, 0x00, 0x00, 0x1C, 0x01, 0x07,
    0x00, 0x00, 0x00, 0xCC, 0x07, 0x00, 0x00, 0x25, 0x31, 0x03, 0x00, 0x03, 0x80, 0x16, 0x00, 0x07,
    0x80, 0x01, 0x04, 0x05, 0x06, 0x29, 0x04, 0x00, 0x00, 0x29, 0x80, 0x29, 0xC9, 0x07, 0x00, 0x00,
    0x07, 0x09, 0x0A, 0x0E, 0x5C, 0x00, 0x3A, 0x0B, 0x00, 0x0C, 0x00, 0x0D, 0x12, 0x40, 0x00, 0x10,
    0x30, 0x01, 0x12, 0x01, 0x00, 0x2F, 0x0C, 0x00, 0x07, 0x80, 0x01, 0x2E, 0x14, 0x00, 0x07, 0x80,
    0x00, 0x49, 0x02, 0x10, 0x29, 0x04, 0x00, 0x00, 0x29, 0x80, 0x40, 0xCC, 0x07, 0x00, 0x00, 0x27,
    0x55, 0x07, 0x00, 0x00, 0x28, 0xCC, 0x07, 0x00, 0x00, 0x39, 0x20, 0x00, 0x0F, 0x12, 0x40, 0x00,
    0x29, 0x04, 0x00, 0x00, 0x29, 0x80, 0x29, 0xEB, 0x07, 0x00, 0x00, 0x31, 0x00, 0x00, 0x08, 0x80,
    0x08, 0x00, 0x07, 0x80, 0x06, 0x10, 0x22, 0x00, 0x12, 0x40, 0x00, 0x15, 0x19, 0x00, 0x00, 0x00,
    0x00, 0x00, 0x00, 0x2E, 0x14, 0x00, 0x07, 0x80, 0x02, 0x49, 0x01, 0x00, 0x2E, 0x14, 0x00, 0x07,
    0x80, 0x04, 0x49, 0x00, 0x00, 0x3D, 0x00, 0x02, 0x03, 0x90, 0x74, 0x18, 0x00, 0x00, 0x09, 0x0A,
    0x10, 0x49, 0x00, 0x12, 0x40, 0x00, 0x28, 0xA6, 0x03, 0x00, 0x00, 0x2E, 0x03, 0x00, 0x03, 0x80,
    0x08, 0x28, 0x58, 0x03, 0x00, 0x00, 0x00, 0x02, 0x03, 0x7B, 0x53, 0x18, 0x00, 0x00, 0x01, 0x09,
    0x0A, 0x35, 0x00, 0x00, 0x21, 0x80, 0x00, 0x01, 0x00, 0x00, 0x0B, 0x01, 0x0C, 0x01, 0x10, 0x4B,
    0x00, 0x12, 0x40, 0x00, 0x28, 0xA6, 0x03, 0x00, 0x00, 0x00, 0x02, 0x03, 0x1E, 0x00, 0x11, 0xBB,
    0x08, 0x00, 0x00, 0x1D, 0x00, 0x00, 0x00, 0x00, 0x01, 0x74, 0x18, 0x00, 0x00, 0x1C, 0x00, 0x08,
    0x00, 0x00, 0x00, 0xAA, 0x08, 0x00, 0x00, 0x1C, 0x00, 0x80, 0x00, 0x00, 0x00, 0xAA, 0x08, 0x00,
    0x00, 0x1C, 0x00, 0xFF, 0x00, 0x00, 0x00, 0x74, 0x18, 0x00, 0x00, 0x22, 0x00, 0x03, 0x86, 0x18,
    0x00, 0x00, 0x22, 0x00, 0x08, 0x86, 0x18, 0x00, 0x00, 0x01, 0x74, 0x18, 0x00, 0x00, 0x00, 0x00,
    0x1F, 0x00, 0x20, 0x00, 0x59, 0x26, 0x00, 0x00, 0x09, 0x0A, 0x2E, 0x03, 0x00, 0x03, 0x80, 0x06,
    0x16, 0x0F, 0x12, 0x40, 0x00, 0x28, 0xA6, 0x03, 0x00, 0x00, 0x76, 0x01, 0x17, 0x39, 0x40, 0x00,
    0x10, 0x2B, 0x00, 0x12, 0x40, 0x00, 0x28, 0xA6, 0x03, 0x00, 0x00, 0x31, 0x00, 0x00, 0x16, 0x80,
    0x00, 0x00, 0x0E, 0x80, 0x01, 0x2E, 0x05, 0x00, 0x03, 0x80, 0x00, 0x41, 0x41, 0x2F, 0x00, 0x00,
    0x28, 0xA6, 0x03, 0x00, 0x00, 0x2E, 0x03, 0x00, 0x03, 0x80, 0x0B, 0x28, 0x58, 0x03, 0x00, 0x00,
    0x00, 0x02, 0x03, 0x92, 0x28, 0xE4, 0x0B, 0x00, 0x00, 0x2E, 0x03, 0x00, 0x03, 0x80, 0x09, 0x28,
    0x58, 0x03, 0x00, 0x00, 0x00, 0x02, 0x03, 0x1C, 0x01, 0x07, 0x00, 0x00, 0x00, 0x2E, 0x09, 0x00,
    0x00, 0x84, 0x1E, 0x09, 0x00, 0x00, 0x81, 0x53, 0x18, 0x00, 0x00, 0x39, 0x20, 0x00, 0x13, 0x00,
    0x00, 0x33, 0x80, 0x12, 0x40, 0x00, 0x98, 0x01, 0x3A, 0x28, 0x39, 0x18, 0x00, 0x00, 0x39, 0x40,
    0x00, 0x13, 0x00, 0x00, 0x42, 0x80, 0x12, 0x40, 0x00, 0x28, 0xA6, 0x03, 0x00, 0x00, 0x76, 0x01,
    0x17, 0x39, 0x20, 0x00, 0x10, 0x26, 0x00, 0x12, 0x40, 0x00, 0x28, 0xA6, 0x03, 0x00, 0x00, 0x00,
    0x02, 0x03, 0x01, 0x74, 0x18, 0x00, 0x00, 0xFF, 0xFF, 0x06, 0x29, 0x04, 0x00, 0x00, 0x29, 0x80,
    0x29, 0x8C, 0x03, 0x00, 0x00, 0x93, 0x60, 0x09, 0x00, 0x00, 0xAB, 0x28, 0x8C, 0x03, 0x00, 0x00,
    0x39, 0x40, 0x00, 0x13, 0x00, 0x00, 0x25, 0x80, 0x12, 0x40, 0x00, 0x28, 0xA6, 0x03, 0x00, 0x00,
    0x1D, 0x01, 0x00, 0x10, 0x00, 0x00, 0x98, 0x09, 0x00, 0x00, 0x2B, 0x04, 0x00, 0x00, 0x21, 0x80,
    0x00, 0x02, 0x00, 0x00, 0x98, 0x09, 0x00, 0x00, 0x2E, 0x0F, 0x00, 0x07, 0x80, 0x00, 0x41, 0xC7,
    0x09, 0x00, 0x00, 0x28, 0xA6, 0x03, 0x00, 0x00, 0x00, 0x2E, 0x03, 0x00, 0x03, 0x80, 0x0C, 0x2E,
    0x18, 0x00, 0x07, 0x80, 0x01, 0x18, 0x01, 0x35, 0x00, 0x00, 0x21, 0x80, 0x00, 0x08, 0x00, 0x00,
    0x2A, 0x01, 0x00, 0x00, 0x14, 0x80, 0x8F, 0x00, 0x7F, 0x03, 0x00, 0x00, 0x2E, 0x03, 0x00, 0x03,
    0x80, 0x08, 0x28, 0x7F, 0x03, 0x00, 0x00, 0x00, 0x10, 0x30, 0x01, 0x03, 0x09, 0x0A, 0x35, 0x00,
    0x00, 0x21, 0x80, 0x00, 0x00, 0x00, 0x08, 0x2E, 0x03, 0x00, 0x03, 0x80, 0x4C, 0x16, 0x31, 0x05,
    0x00, 0x03, 0x80, 0x0F, 0x00, 0x07, 0x80, 0x01, 0x13, 0x00, 0x00, 0x18, 0x80, 0x12, 0x40, 0x00,
    0x3C, 0x00, 0x01, 0xB6, 0x03, 0x00, 0x00, 0x00, 0x00, 0x02, 0x03, 0x06, 0x36, 0x00, 0x00, 0x29,
    0x80, 0x06, 0x94, 0x28, 0x8C, 0x03, 0x00, 0x00, 0x00, 0x01, 0xB6, 0x03, 0x00, 0x00, 0x00, 0x00,
    0x02, 0x03, 0x06, 0x36, 0x00, 0x00, 0x29, 0x80, 0x06, 0x2E, 0x00, 0x00, 0x04, 0x80, 0x28, 0x2E,
    0x01, 0x00, 0x04, 0x80, 0x00, 0x2E, 0x02, 0x00, 0x04, 0x80, 0x00, 0x2E, 0x03, 0x00, 0x04, 0x80,
    0x00, 0x69, 0x28, 0x8C, 0x03, 0x00, 0x00, 0x2A, 0x01, 0x00, 0x00, 0x14, 0x80, 0xFA, 0x00, 0x5D,
    0x0A, 0x00, 0x00, 0x21, 0x00, 0x00, 0x00, 0x04, 0x00, 0x01, 0x5D, 0x0A, 0x00, 0x00, 0x35, 0x00,
    0x00, 0x21, 0x80, 0x00, 0x00, 0x04, 0x00, 0x2E, 0x0E, 0x00, 0x07, 0x80, 0x02, 0x2E, 0x03, 0x00,
    0x03, 0x80, 0x0D, 0x28, 0x58, 0x03, 0x00, 0x00, 0x00, 0x01, 0xB6, 0x03, 0x00, 0x00, 0x00, 0x00,
    0x02, 0x03, 0x8D, 0x02, 0x8E, 0x2E, 0x16, 0x00, 0x07, 0x80, 0x00, 0x28, 0x55, 0x07, 0x00, 0x00,
    0x00, 0x01, 0x8D, 0x0A, 0x00, 0x00, 0x00, 0x00, 0x28, 0x86, 0x03, 0x00, 0x00, 0x02, 0x03, 0x39,
    0x40, 0x00, 0x0F, 0x12, 0x40, 0x00, 0x29, 0x04, 0x00, 0x00, 0x29, 0x80, 0x08, 0xA6, 0x03, 0x00,
    0x00, 0x10, 0x60, 0x00, 0x12, 0x40, 0x00, 0x05, 0x06, 0x07, 0x80, 0x01, 0x36, 0x00, 0x00, 0x29,
    0x80, 0x01, 0x35, 0x00, 0x00, 0x21, 0x80, 0x00, 0x01, 0x00, 0x00, 0x0B, 0x01, 0x0C, 0x01, 0x19,
    0x01, 0x00, 0x00, 0x00, 0x00, 0x00, 0x33, 0x00, 0x00, 0x29, 0x80, 0x01, 0x28, 0xA6, 0x03, 0x00,
    0x00, 0x00, 0x02, 0x03, 0x99, 0x09, 0x0A, 0x13, 0x00, 0x00, 0x28, 0x80, 0x12, 0x40, 0x00, 0x28,
    0xA6, 0x03, 0x00, 0x00, 0x00, 0x02, 0x03, 0x1D, 0x01, 0x00, 0x00, 0x10, 0x00, 0x74, 0x18, 0x00,
    0x00, 0x9A, 0x09, 0x0A, 0x13, 0x00, 0x00, 0x1A, 0x80, 0x12, 0x40, 0x00, 0x28, 0xA6, 0x03, 0x00,
    0x00, 0x2E, 0x03, 0x00, 0x03, 0x80, 0xCE, 0x2A, 0x01, 0x00, 0x00, 0x14, 0x80, 0xA5, 0x00, 0x58,
    0x03, 0x00, 0x00, 0x60, 0x1B, 0x28, 0x58, 0x03, 0x00, 0x00, 0x00, 0x02, 0x03, 0x1E, 0x00, 0x14,
    0x69, 0x2F, 0x00, 0x00, 0x1D, 0x00, 0x00, 0x00, 0x00, 0x01, 0x74, 0x18, 0x00, 0x00, 0x1D, 0x00,
    0x07, 0x00, 0x00, 0x00, 0x59, 0x0B, 0x00, 0x00, 0x01, 0x74, 0x18, 0x00, 0x00, 0x00, 0x00, 0x1F,
    0x00, 0x20, 0x00, 0x59, 0x26, 0x00, 0x00, 0x09, 0x0A, 0x2E, 0x03, 0x00, 0x03, 0x80, 0x07, 0x16,
    0x0F, 0x12, 0x40, 0x00, 0x28, 0xA6, 0x03, 0x00, 0x00, 0x76, 0x01, 0x17, 0x39, 0x20, 0x00, 0x10,
    0x44, 0x00, 0x12, 0x40, 0x00, 0x28, 0xA6, 0x03, 0x00, 0x00, 0x2E, 0x1A, 0x00, 0x07, 0x80, 0x21,
    0x28, 0xF9, 0x05, 0x00, 0x00, 0x2E, 0x1A, 0x00, 0x07, 0x80, 0x22, 0x28, 0xF9, 0x05, 0x00, 0x00,
    0x2E, 0x1A, 0x00, 0x07, 0x80, 0x23, 0x28, 0xF9, 0x05, 0x00, 0x00, 0x2E, 0x1A, 0x00, 0x07, 0x80,
    0x24, 0x28, 0xF9, 0x05, 0x00, 0x00, 0x2E, 0x1A, 0x00, 0x07, 0x80, 0x25, 0x28, 0xF9, 0x05, 0x00,
    0x00, 0x00, 0x02, 0x03, 0x9B, 0x09, 0x0A, 0x13, 0x00, 0x00, 0x41, 0x80, 0x12, 0x40, 0x00, 0x28,
    0xA6, 0x03, 0x00, 0x00, 0x2E, 0x1A, 0x00, 0x07, 0x80, 0xA1, 0x28, 0x6E, 0x06, 0x00, 0x00, 0x2E,
    0x1A, 0x00, 0x07, 0x80, 0xA2, 0x28, 0x6E, 0x06, 0x00, 0x00, 0x2E, 0x1A, 0x00, 0x07, 0x80, 0xA3,
    0x28, 0x6E, 0x06, 0x00, 0x00, 0x2E, 0x1A, 0x00, 0x07, 0x80, 0xA5, 0x28, 0x6E, 0x06, 0x00, 0x00,
    0x00, 0x02, 0x03, 0x7E, 0x09, 0x0A, 0x13, 0x00, 0x00, 0x32, 0x80, 0x12, 0x40, 0x00, 0x28, 0xA6,
    0x03, 0x00, 0x00, 0x00, 0x02, 0x03, 0x1E, 0x00, 0x11, 0xBB, 0x08, 0x00, 0x00, 0x1D, 0x00, 0x00,
    0x00, 0x00, 0x01, 0x74, 0x18, 0x00, 0x00, 0x1C, 0x00, 0x08, 0x00, 0x00, 0x00, 0xAA, 0x08, 0x00,
    0x00, 0x1C, 0x00, 0x80, 0x00, 0x00, 0x00, 0xAA, 0x08, 0x00, 0x00, 0x22, 0x00, 0x03, 0x86, 0x18,
    0x00, 0x00, 0x22, 0x00, 0x08, 0x86, 0x18, 0x00, 0x00, 0x1C, 0x00, 0xFF, 0x00, 0x00, 0x00, 0x74,
    0x18, 0x00, 0x00, 0x01, 0x74, 0x18, 0x00, 0x00, 0x00, 0x00, 0x1F, 0x00, 0x20, 0x00, 0x59, 0x26,
    0x00, 0x00, 0x09, 0x0A, 0x2E, 0x03, 0x00, 0x03, 0x80, 0x02, 0x16, 0x0F, 0x12, 0x40, 0x00, 0x28,
    0xA6, 0x03, 0x00, 0x00, 0x00, 0x02, 0x03, 0x1E, 0x00, 0x07, 0xBA, 0x0C, 0x00, 0x00, 0x1D, 0x00,
    0x00, 0x00, 0x00, 0x01, 0x74, 0x18, 0x00, 0x00, 0x06, 0x29, 0x04, 0x00, 0x00, 0x29, 0x80, 0x29,
    0x74, 0x18, 0x00, 0x00, 0x1C, 0x00, 0x40, 0x00, 0x00, 0x00, 0xA9, 0x0C, 0x00, 0x00, 0x1C, 0x00,
    0xFF, 0x00, 0x00, 0x00, 0x74, 0x18, 0x00, 0x00, 0x01, 0x74, 0x18, 0x00, 0x00, 0x00, 0x00, 0x1F,
    0x00, 0x20, 0x00, 0x59, 0x26, 0x00, 0x00, 0x09, 0x0A, 0x2E, 0x03, 0x00, 0x03, 0x80, 0x05, 0x16,
    0x0F, 0x12, 0x40, 0x00, 0x28, 0xA6, 0x03, 0x00, 0x00, 0x76, 0x01, 0x17, 0x39, 0x20, 0x00, 0x10,
    0x3A, 0x00, 0x12, 0x40, 0x00, 0x28, 0xA6, 0x03, 0x00, 0x00, 0x31, 0x00, 0x00, 0x16, 0x80, 0x00,
    0x00, 0x0E, 0x80, 0x01, 0x2E, 0x05, 0x00, 0x03, 0x80, 0x00, 0x41, 0x35, 0x2F, 0x00, 0x00, 0x28,
    0xA6, 0x03, 0x00, 0x00, 0x2E, 0x03, 0x00, 0x03, 0x80, 0x16, 0x28, 0x58, 0x03, 0x00, 0x00, 0x2E,
    0x03, 0x00, 0x03, 0x80, 0x17, 0x28, 0x58, 0x03, 0x00, 0x00, 0x2E, 0x03, 0x00, 0x03, 0x80, 0x18,
    0x28, 0x58, 0x03, 0x00, 0x00, 0x2E, 0x03, 0x00, 0x03, 0x80, 0x19, 0x28, 0x58, 0x03, 0x00, 0x00,
    0x2E, 0x03, 0x00, 0x03, 0x80, 0x1A, 0x28, 0x58, 0x03, 0x00, 0x00, 0x2E, 0x03, 0x00, 0x03, 0x80,
    0x1B, 0x28, 0x58, 0x03, 0x00, 0x00, 0x1D, 0x01, 0x00, 0x10, 0x00, 0x00, 0x98, 0x09, 0x00, 0x00,
    0x2B, 0x04, 0x00, 0x00, 0x21, 0x80, 0x00, 0x02, 0x00, 0x00, 0x98, 0x09, 0x00, 0x00, 0x2E, 0x0F,
    0x00, 0x07, 0x80, 0x03, 0x41, 0xC7, 0x09, 0x00, 0x00, 0x28, 0xA6, 0x03, 0x00, 0x00, 0x2E, 0x03,
    0x00, 0x03, 0x80, 0x07, 0x28, 0x58, 0x03, 0x00, 0x00, 0x00, 0x01, 0xB6, 0x03, 0x00, 0x00, 0x00,
    0x00, 0x2E, 0x16, 0x00, 0x07, 0x80, 0x02, 0x02, 0x03, 0x8D, 0x02, 0x8E, 0x28, 0x55, 0x07, 0x00,
    0x00, 0x00, 0x03, 0x02, 0x3A, 0x1D, 0x01, 0x00, 0x00, 0x00, 0x01, 0x96, 0x0D, 0x00, 0x00, 0x9C,
    0x29, 0x01, 0x05, 0x00, 0x03, 0x80, 0x01, 0x83, 0x0D, 0x00, 0x00, 0x39, 0x20, 0x00, 0x28, 0x89,
    0x0D, 0x00, 0x00, 0x09, 0x0A, 0x0B, 0x01, 0x0C, 0x01, 0x13, 0x00, 0x00, 0x3D, 0x80, 0x12, 0x40,
    0x00, 0x28, 0xA6, 0x03, 0x00, 0x00, 0x76, 0x01, 0x17, 0x39, 0x20, 0x00, 0x10, 0x7F, 0x00, 0x12,
    0x40, 0x00, 0x28, 0xA6, 0x03, 0x00, 0x00, 0x00, 0x01, 0xB6, 0x03, 0x00, 0x00, 0x00, 0x00, 0x2E,
    0x03, 0x00, 0x03, 0x80, 0xDD, 0x28, 0x86, 0x03, 0x00, 0x00, 0x10, 0x82, 0x00, 0x12, 0x40, 0x00,
    0x28, 0xA6, 0x03, 0x00, 0x00, 0x00, 0x01, 0xDF, 0x0D, 0x00, 0x00, 0x00, 0x00, 0x2E, 0x03, 0x00,
    0x03, 0x80, 0x1E, 0x16, 0x2E, 0x03, 0x00, 0x03, 0x80, 0x00, 0x28, 0x86, 0x03, 0x00, 0x00, 0x2E,
    0x03, 0x00, 0x03, 0x80, 0x1E, 0x18, 0x01, 0x28, 0xB6, 0x03, 0x00, 0x00, 0x00, 0x02, 0x03, 0x1D,
    0x00, 0x00, 0x00, 0x00, 0x01, 0x74, 0x18, 0x00, 0x00, 0x01, 0x74, 0x18, 0x00, 0x00, 0xFF, 0xFF,
    0x9D, 0x74, 0x18, 0x00, 0x00, 0x09, 0x0A, 0x10, 0x16, 0x00, 0x12, 0x40, 0x00, 0x28, 0xA6, 0x03,
    0x00, 0x00, 0x00, 0x02, 0x39, 0x20, 0x00, 0x09, 0x0A, 0x2E, 0x18, 0x00, 0x07, 0x80, 0x00, 0x2E,
    0x19, 0x00, 0x07, 0x80, 0x00, 0x9E, 0x00, 0x02, 0x39, 0x20, 0x00, 0x03, 0x1D, 0x00, 0x00, 0x00,
    0x00, 0x01, 0x74, 0x18, 0x00, 0x00, 0x01, 0x3D, 0x0E, 0x00, 0x00, 0x00, 0x00, 0x7F, 0x09, 0x0A,
    0x13, 0x00, 0x00, 0x27, 0x80, 0x12, 0x40, 0x00, 0x28, 0xA6, 0x03, 0x00, 0x00, 0x00, 0x02, 0x03,
    0x09, 0x0A, 0x60, 0x1A, 0x10, 0xE4, 0x00, 0x12, 0x40, 0x00, 0x28, 0xA6, 0x03, 0x00, 0x00, 0x00,
    0x02, 0x03, 0x01, 0x74, 0x18, 0x00, 0x00, 0x00, 0x00, 0xA3, 0x74, 0x18, 0x00, 0x00, 0x09, 0x0A,
    0x10, 0x84, 0x00, 0x12, 0x40, 0x00, 0x28, 0xA6, 0x03, 0x00, 0x00, 0x00, 0x01, 0xB6, 0x03, 0x00,
    0x00, 0x00, 0x00, 0x02, 0x03, 0x06, 0x36, 0x00, 0x00, 0x29, 0x80, 0x06, 0x9F, 0x69, 0x28, 0x8C,
    0x03, 0x00, 0x00, 0x00, 0x01, 0xB6, 0x03, 0x00, 0x00, 0x00, 0x00, 0x02, 0x03, 0x06, 0x36, 0x00,
    0x00, 0x29, 0x80, 0x06, 0xA0, 0x69, 0x28, 0x8C, 0x03, 0x00, 0x00, 0x00, 0xA1, 0x72, 0x18, 0x00,
    0x00, 0x01, 0xB6, 0x03, 0x00, 0x00, 0x00, 0x00, 0x02, 0x03, 0x4A, 0x69, 0x28, 0x8C, 0x03, 0x00,
    0x00, 0x00, 0x01, 0xB6, 0x03, 0x00, 0x00, 0x00, 0x00, 0x02, 0x03, 0xA4, 0x74, 0x18, 0x00, 0x00,
    0x09, 0x0A, 0x10, 0x87, 0x00, 0x12, 0x40, 0x00, 0x28, 0xA6, 0x03, 0x00, 0x00, 0x00, 0x02, 0x03,
    0x01, 0x74, 0x18, 0x00, 0x00, 0xFF, 0xFF, 0xA5, 0x74, 0x18, 0x00, 0x00, 0x09, 0x0A, 0x35, 0x00,
    0x00, 0x21, 0x80, 0x00, 0x01, 0x00, 0x00, 0x0B, 0x01, 0x0C, 0x01, 0x31, 0x00, 0x00, 0x04, 0x80,
    0x00, 0x00, 0x07, 0x80, 0x04, 0x0B, 0x00, 0x0C, 0x00, 0x10, 0xFC, 0x00, 0x12, 0x40, 0x00, 0x28,
    0xA6, 0x03, 0x00, 0x00, 0x00, 0x1C, 0x01, 0x07, 0x00, 0x00, 0x00, 0x26, 0x0F, 0x00, 0x00, 0x02,
    0x03, 0x28, 0x74, 0x18, 0x00, 0x00, 0x2A, 0x00, 0x00, 0x00, 0x12, 0x80, 0xD6, 0x00, 0x3A, 0x0F,
    0x00, 0x00, 0x10, 0x6B, 0x00, 0x12, 0x40, 0x00, 0x64, 0x01, 0x02, 0x03, 0x01, 0xB8, 0x03, 0x00,
    0x00, 0x00, 0x00, 0x2E, 0x03, 0x00, 0x03, 0x80, 0x08, 0x28, 0x88, 0x03, 0x00, 0x00, 0x00, 0x02,
    0x03, 0xA6, 0x74, 0x18, 0x00, 0x00, 0x09, 0x0A, 0x10, 0x49, 0x00, 0x12, 0x40, 0x00, 0x28, 0xA6,
    0x03, 0x00, 0x00, 0x00, 0x02, 0x03, 0x1D, 0x00, 0x00, 0x00, 0x00, 0x01, 0x74, 0x18, 0x00, 0x00,
    0x01, 0x74, 0x18, 0x00, 0x00, 0x00, 0x00, 0xA7, 0x09, 0x0A, 0x10, 0x89, 0x00, 0x12, 0x40, 0x00,
    0x28, 0xA6, 0x03, 0x00, 0x00, 0x00, 0x02, 0x03, 0x1D, 0x00, 0x00, 0x00, 0x00, 0x01, 0x74, 0x18,
    0x00, 0x00, 0xA8, 0x74, 0x18, 0x00, 0x00, 0x09, 0x0A, 0x10, 0x8A, 0x00, 0x12, 0x40, 0x00, 0x28,
    0xA6, 0x03, 0x00, 0x00, 0x00, 0x1C, 0x01, 0x07, 0x00, 0x00, 0x00, 0xB6, 0x0F, 0x00, 0x00, 0x02,
    0x03, 0x28, 0x74, 0x18, 0x00, 0x00, 0x10, 0x6B, 0x00, 0x12, 0x40, 0x00, 0x64, 0x01, 0x02, 0x03,
    0x35, 0x00, 0x00, 0x21, 0x80, 0x00, 0x08, 0x00, 0x00, 0xA9, 0xD6, 0x0F, 0x00, 0x00, 0x39, 0x40,
    0x00, 0x28, 0x74, 0x18, 0x00, 0x00, 0x09, 0x0A, 0x2E, 0x18, 0x00, 0x07, 0x80, 0x00, 0x2E, 0x19,
    0x00, 0x07, 0x80, 0x00, 0x63, 0x01, 0x00, 0x02, 0x03, 0xAA, 0x09, 0x0A, 0x10, 0x8B, 0x00, 0x12,
    0x40, 0x00, 0x28, 0xA6, 0x03, 0x00, 0x00, 0xAC, 0x28, 0x58, 0x03, 0x00, 0x00, 0x00, 0x02, 0x03,
    0x01, 0x74, 0x18, 0x00, 0x00, 0x00, 0x00, 0xAD, 0x74, 0x18, 0x00, 0x00, 0x09, 0x0A, 0x10, 0x8D,
    0x00, 0x12, 0x40, 0x00, 0x28, 0xA6, 0x03, 0x00, 0x00, 0x00, 0x02, 0x03, 0xAE, 0x3A, 0x09, 0x0A,
    0x13, 0x00, 0x00, 0x2F, 0x80, 0x12, 0x40, 0x00, 0x2A, 0x01, 0x00, 0x00, 0x14, 0x80, 0xD7, 0x00,
    0x56, 0x10, 0x00, 0x00, 0x29, 0x05, 0x05, 0x00, 0x03, 0x80, 0x01, 0x45, 0x10, 0x00, 0x00, 0x10,
    0x32, 0x01, 0x12, 0x40, 0x00, 0x29, 0x05, 0x05, 0x00, 0x03, 0x80, 0x02, 0x56, 0x10, 0x00, 0x00,
    0x10, 0x5E, 0x01, 0x12, 0x40, 0x00, 0x98, 0x04, 0x3A, 0x28, 0xA6, 0x03, 0x00, 0x00, 0x00, 0x02,
    0x03, 0x2E, 0x12, 0x00, 0x07, 0x80, 0x00, 0x2E, 0x13, 0x00, 0x07, 0x80, 0x00, 0x8E, 0x26, 0x03,
    0xE3, 0x01, 0x2F, 0x11, 0x00, 0x00, 0xE3, 0x00, 0xF1, 0x10, 0x00, 0x00, 0x2A, 0x00, 0x00, 0x00,
    0x12, 0x80, 0xD6, 0x00, 0x92, 0x10, 0x00, 0x00, 0x1C, 0x01, 0x07, 0x00, 0x00, 0x00, 0xF1, 0x10,
    0x00, 0x00, 0x01, 0xF1, 0x10, 0x00, 0x00, 0x00, 0x00, 0x25, 0x2F, 0x12, 0x00, 0x07, 0x80, 0x0A,
    0x2F, 0x0C, 0x00, 0x07, 0x80, 0x01, 0x31, 0x00, 0x00, 0x15, 0x80, 0x12, 0x00, 0x07, 0x80, 0x02,
    0x04, 0x05, 0x06, 0x07, 0x29, 0x04, 0x00, 0x00, 0x29, 0x80, 0x29, 0xF1, 0x10, 0x00, 0x00, 0x09,
    0x0A, 0x0E, 0x5C, 0x00, 0x3A, 0x0B, 0x00, 0x0C, 0x00, 0x0D, 0x12, 0x40, 0x00, 0x10, 0x30, 0x01,
    0x12, 0x01, 0x00, 0x2E, 0x14, 0x00, 0x07, 0x80, 0x00, 0x49, 0x02, 0x10, 0x29, 0x04, 0x00, 0x00,
    0x29, 0x80, 0x40, 0x05, 0x11, 0x00, 0x00, 0x27, 0x70, 0x10, 0x00, 0x00, 0x28, 0x05, 0x11, 0x00,
    0x00, 0x39, 0x20, 0x00, 0x29, 0x00, 0x0C, 0x00, 0x07, 0x80, 0x00, 0x05, 0x11, 0x00, 0x00, 0x36,
    0x00, 0x00, 0x29, 0x80, 0x01, 0x0F, 0x12, 0x40, 0x00, 0x29, 0x00, 0x0C, 0x00, 0x07, 0x80, 0x00,
    0x2F, 0x11, 0x00, 0x00, 0x29, 0x04, 0x00, 0x00, 0x29, 0x80, 0x08, 0x2F, 0x11, 0x00, 0x00, 0x31,
    0x00, 0x00, 0x08, 0x80, 0x08, 0x00, 0x07, 0x80, 0x06, 0x10, 0x22, 0x00, 0x12, 0x40, 0x00, 0x15,
    0x19, 0x00, 0x00, 0x00, 0x00, 0x00, 0x00, 0x2E, 0x14, 0x00, 0x07, 0x80, 0x0E, 0x49, 0x00, 0x00,
    0x3D, 0x2E, 0x03, 0x00, 0x03, 0x80, 0x1F, 0x28, 0x58, 0x03, 0x00, 0x00, 0x00, 0x02, 0x03, 0x01,
    0x74, 0x18, 0x00, 0x00, 0xFE, 0xFF, 0x1D, 0x00, 0x00, 0x00, 0x00, 0x04, 0x74, 0x18, 0x00, 0x00,
    0x1D, 0x00, 0x00, 0x00, 0x00, 0x01, 0x74, 0x18, 0x00, 0x00, 0x09, 0x0A, 0x2E, 0x03, 0x00, 0x03,
    0x80, 0x20, 0x16, 0x10, 0x8F, 0x00, 0x12, 0x40, 0x00, 0x28, 0xA6, 0x03, 0x00, 0x00, 0x00, 0x02,
    0x03, 0x1D, 0x00, 0x00, 0x00, 0x00, 0x01, 0x74, 0x18, 0x00, 0x00, 0x1D, 0x00, 0x00, 0x00, 0x00,
    0x08, 0x74, 0x18, 0x00, 0x00, 0x1C, 0x00, 0x07, 0x00, 0x00, 0x00, 0xA4, 0x11, 0x00, 0x00, 0x28,
    0x74, 0x18, 0x00, 0x00, 0x09, 0x0A, 0x2E, 0x03, 0x00, 0x03, 0x80, 0x21, 0x16, 0x10, 0x90, 0x00,
    0x12, 0x40, 0x00, 0x28, 0xA6, 0x03, 0x00, 0x00, 0x00, 0xC7, 0x2E, 0x1A, 0x00, 0x07, 0x80, 0x17,
    0x28, 0xFA, 0x05, 0x00, 0x00, 0x42, 0x01, 0x07, 0x3D, 0x12, 0x00, 0x00, 0x00, 0x02, 0x03, 0x20,
    0x01, 0x02, 0x03, 0x00, 0xEA, 0x11, 0x00, 0x00, 0x20, 0x01, 0x01, 0x01, 0x0C, 0xEA, 0x11, 0x00,
    0x00, 0x20, 0x01, 0x00, 0x02, 0x0C, 0x74, 0x18, 0x00, 0x00, 0x31, 0x00, 0x00, 0x0E, 0x80, 0x00,
    0x00, 0x0B, 0x80, 0x01, 0x2E, 0x18, 0x00, 0x07, 0x80, 0x01, 0x09, 0x0A, 0x2E, 0x1A, 0x00, 0x07,
    0x80, 0x93, 0x89, 0x41, 0x10, 0x12, 0x00, 0x00, 0x13, 0x00, 0x00, 0x3A, 0x80, 0x12, 0x40, 0x00,
    0x2E, 0x1A, 0x00, 0x07, 0x80, 0x11, 0x89, 0x41, 0x24, 0x12, 0x00, 0x00, 0x13, 0x00, 0x00, 0x3B,
    0x80, 0x12, 0x40, 0x00, 0x2E, 0x1A, 0x00, 0x07, 0x80, 0x12, 0x89, 0x41, 0x38, 0x12, 0x00, 0x00,
    0x13, 0x00, 0x00, 0x3B, 0x80, 0x12, 0x40, 0x00, 0x28, 0xA6, 0x03, 0x00, 0x00, 0x2D, 0x00, 0x00,
    0x0B, 0x80, 0x00, 0x00, 0x0E, 0x80, 0x01, 0x4E, 0x12, 0x00, 0x00, 0x76, 0x01, 0x03, 0x00, 0x02,
    0x03, 0x1D, 0x00, 0x00, 0x00, 0x00, 0x01, 0x74, 0x18, 0x00, 0x00, 0x01, 0x74, 0x18, 0x00, 0x00,
    0xFF, 0xFF, 0xAF, 0x74, 0x18, 0x00, 0x00, 0x35, 0x00, 0x00, 0x21, 0x80, 0x00, 0x01, 0x00, 0x00,
    0x2E, 0x18, 0x00, 0x07, 0x80, 0x00, 0x09, 0x0A, 0x0B, 0x01, 0x0C, 0x01, 0x10, 0x92, 0x00, 0x12,
    0x40, 0x00, 0x19, 0x01, 0x00, 0x00, 0x00, 0x00, 0x00, 0x28, 0xA6, 0x03, 0x00, 0x00, 0x00, 0x02,
    0x03, 0x77, 0x09, 0x0A, 0x13, 0x00, 0x00, 0x30, 0x80, 0x12, 0x40, 0x00, 0x28, 0xA6, 0x03, 0x00,
    0x00, 0x00, 0xB0, 0x72, 0x18, 0x00, 0x00, 0x02, 0x03, 0x09, 0x0A, 0x10, 0x94, 0x00, 0x12, 0x40,
    0x00, 0x28, 0xA6, 0x03, 0x00, 0x00, 0x00, 0x01, 0xB6, 0x03, 0x00, 0x00, 0x00, 0x00, 0x02, 0x03,
    0xB1, 0x09, 0x0A, 0x10, 0x96, 0x00, 0x12, 0x40, 0x00, 0x28, 0xA6, 0x03, 0x00, 0x00, 0x00, 0x02,
    0x03, 0xB2, 0x74, 0x18, 0x00, 0x00, 0x09, 0x0A, 0x10, 0xFE, 0x00, 0x12, 0x40, 0x00, 0x2E, 0x17,
    0x00, 0x07, 0x80, 0x00, 0x1E, 0x0A, 0x2B, 0x04, 0x13, 0x00, 0x00, 0x2F, 0x17, 0x00, 0x07, 0x80,
    0x01, 0x2D, 0x17, 0x00, 0x07, 0x80, 0x00, 0x00, 0x0F, 0x80, 0x01, 0xE4, 0x12, 0x00, 0x00, 0x28,
    0xA6, 0x03, 0x00, 0x00, 0x10, 0x5E, 0x01, 0x12, 0x40, 0x00, 0x28, 0xEB, 0x12, 0x00, 0x00, 0x00,
    0x02, 0x03, 0x95, 0x28, 0x99, 0x14, 0x00, 0x00, 0x00, 0x02, 0x1D, 0x01, 0x00, 0x10, 0x00, 0x00,
    0x25, 0x13, 0x00, 0x00, 0x03, 0x01, 0x2C, 0x13, 0x00, 0x00, 0x00, 0x00, 0x4A, 0xB3, 0x28, 0x88,
    0x03, 0x00, 0x00, 0x00, 0x1D, 0x00, 0x00, 0x00, 0x00, 0x01, 0xB0, 0x03, 0x00, 0x00, 0x01, 0xB6,
    0x03, 0x00, 0x00, 0x00, 0x00, 0x02, 0x03, 0xB4, 0x01, 0x74, 0x18, 0x00, 0x00, 0x09, 0x0A, 0x2E,
    0x1A, 0x00, 0x07, 0x80, 0x21, 0x89, 0x01, 0x76, 0x13, 0x00, 0x00, 0x29, 0x00, 0x05, 0x00, 0x03,
    0x80, 0x02, 0x76, 0x13, 0x00, 0x00, 0x47, 0x45, 0x00, 0x01, 0x10, 0x00, 0x07, 0x80, 0x13, 0x00,
    0x00, 0x3B, 0x80, 0x12, 0x40, 0x00, 0x1E, 0x00, 0x14, 0x69, 0x2F, 0x00, 0x00, 0x1F, 0x00, 0x20,
    0x00, 0x59, 0x26, 0x00, 0x00, 0x2E, 0x03, 0x00, 0x03, 0x80, 0x07, 0x16, 0x28, 0xA6, 0x03, 0x00,
    0x00, 0x00, 0x02, 0x03, 0x01, 0x9B, 0x13, 0x00, 0x00, 0x00, 0x00, 0xB5, 0x04, 0x05, 0x06, 0x29,
    0x04, 0x00, 0x00, 0x29, 0x80, 0x29, 0x9B, 0x13, 0x00, 0x00, 0x07, 0x28, 0x8C, 0x03, 0x00, 0x00,
    0x00, 0x02, 0x03, 0x01, 0x74, 0x18, 0x00, 0x00, 0x00, 0x00, 0x97, 0x74, 0x18, 0x00, 0x00, 0x09,
    0x0A, 0x10, 0x45, 0x00, 0x12, 0x40, 0x00, 0x28, 0xA6, 0x03, 0x00, 0x00, 0x00, 0x01, 0xB6, 0x03,
    0x00, 0x00, 0x00, 0x00, 0xB6, 0x28, 0x86, 0x03, 0x00, 0x00, 0x00, 0x01, 0xB6, 0x03, 0x00, 0x00,
    0x00, 0x00, 0x02, 0x03, 0x06, 0xB7, 0x00, 0x02, 0x03, 0xB8, 0x28, 0xE4, 0x0B, 0x00, 0x00, 0x2E,
    0x03, 0x00, 0x03, 0x80, 0x03, 0x28, 0x58, 0x03, 0x00, 0x00, 0x00, 0x02, 0x03, 0xC2, 0xB9, 0x39,
    0x20, 0x00, 0x10, 0x9A, 0x00, 0x12, 0x40, 0x00, 0x28, 0x9C, 0x15, 0x00, 0x00, 0x00, 0x02, 0x03,
    0x2B, 0x04, 0x00, 0x00, 0x09, 0x80, 0x00, 0x00, 0x04, 0x00, 0x74, 0x18, 0x00, 0x00, 0x4F, 0x81,
    0x74, 0x18, 0x00, 0x00, 0x09, 0x0A, 0x50, 0x01, 0x74, 0x18, 0x00, 0x00, 0xE2, 0x01, 0x3A, 0x51,
    0x01, 0x02, 0x58, 0x01, 0x4C, 0x01, 0x4D, 0x01, 0x73, 0x01, 0x10, 0x03, 0x00, 0x4E, 0x01, 0x01,
    0x3A, 0x52, 0x01, 0x28, 0xA6, 0x03, 0x00, 0x00, 0x2E, 0x03, 0x00, 0x03, 0x80, 0xE3, 0x28, 0x58,
    0x03, 0x00, 0x00, 0x00, 0x01, 0xB6, 0x03, 0x00, 0x00, 0x00, 0x00, 0x02, 0x03, 0x06, 0x36, 0x00,
    0x00, 0x29, 0x80, 0x06, 0x2E, 0x00, 0x00, 0x04, 0x80, 0x14, 0x2E, 0x01, 0x00, 0x04, 0x80, 0x00,
    0x2E, 0x02, 0x00, 0x04, 0x80, 0x00, 0x2E, 0x03, 0x00, 0x04, 0x80, 0x00, 0x69, 0x28, 0x8C, 0x03,
    0x00, 0x00, 0x00, 0x02, 0x03, 0xC0, 0x53, 0x18, 0x00, 0x00, 0x28, 0x39, 0x18, 0x00, 0x00, 0xC1,
    0x28, 0x58, 0x03, 0x00, 0x00, 0x00, 0x02, 0x03, 0x7D, 0x09, 0x0A, 0x13, 0x00, 0x00, 0x2A, 0x80,
    0x12, 0x40, 0x00, 0x41, 0xE5, 0x2D, 0x00, 0x00, 0x28, 0xA6, 0x03, 0x00, 0x00, 0x00, 0x02, 0x03,
    0xBB, 0x28, 0x99, 0x14, 0x00, 0x00, 0x2E, 0x03, 0x00, 0x03, 0x80, 0x50, 0x28, 0x58, 0x03, 0x00,
    0x00, 0x2E, 0x03, 0x00, 0x03, 0x80, 0x4F, 0x28, 0x58, 0x03, 0x00, 0x00, 0x2E, 0x03, 0x00, 0x03,
    0x80, 0x62, 0x28, 0x58, 0x03, 0x00, 0x00, 0x00, 0x02, 0x03, 0xBC, 0x74, 0x18, 0x00, 0x00, 0x35,
    0x00, 0x00, 0x21, 0x80, 0x00, 0x01, 0x00, 0x00, 0x09, 0x0A, 0x0B, 0x01, 0x0C, 0x01, 0x10, 0x9B,
    0x00, 0x12, 0x40, 0x00, 0x28, 0xA6, 0x03, 0x00, 0x00, 0x00, 0x02, 0x03, 0xBD, 0x74, 0x18, 0x00,
    0x00, 0x09, 0x0A, 0x10, 0x9C, 0x00, 0x12, 0x40, 0x00, 0x28, 0xA6, 0x03, 0x00, 0x00, 0x00, 0xA2,
    0x72, 0x18, 0x00, 0x00, 0x01, 0xB6, 0x03, 0x00, 0x00, 0x00, 0x00, 0x02, 0x03, 0x4A, 0x69, 0x28,
    0x8C, 0x03, 0x00, 0x00, 0x1D, 0x01, 0x00, 0x10, 0x00, 0x00, 0x98, 0x09, 0x00, 0x00, 0x2B, 0x04,
    0x00, 0x00, 0x21, 0x80, 0x00, 0x02, 0x00, 0x00, 0x98, 0x09, 0x00, 0x00, 0x2E, 0x0F, 0x00, 0x07,
    0x80, 0x02, 0x41, 0xC7, 0x09, 0x00, 0x00, 0x2E, 0x1A, 0x00, 0x07, 0x80, 0x12, 0x89, 0x41, 0x6E,
    0x15, 0x00, 0x00, 0x29, 0x00, 0x05, 0x00, 0x03, 0x80, 0x02, 0x6E, 0x15, 0x00, 0x00, 0x47, 0x45,
    0x01, 0x01, 0x10, 0x00, 0x07, 0x80, 0x13, 0x00, 0x00, 0x3B, 0x80, 0x12, 0x40, 0x00, 0x28, 0xA6,
    0x03, 0x00, 0x00, 0x21, 0x00, 0x40, 0x00, 0x00, 0x00, 0x01, 0x8D, 0x15, 0x00, 0x00, 0x35, 0x00,
    0x00, 0x21, 0x80, 0x00, 0x00, 0x01, 0x00, 0x2E, 0x0E, 0x00, 0x07, 0x80, 0x02, 0x2E, 0x03, 0x00,
    0x03, 0x80, 0x08, 0x28, 0x58, 0x03, 0x00, 0x00, 0x00, 0x02, 0x03, 0xC2, 0x25, 0x21, 0x00, 0x80,
    0x00, 0x00, 0x00, 0x01, 0xBC, 0x15, 0x00, 0x00, 0x35, 0x00, 0x00, 0x21, 0x80, 0x00, 0x00, 0x02,
    0x00, 0x2E, 0x0E, 0x00, 0x07, 0x80, 0x02, 0x28, 0xCB, 0x15, 0x00, 0x00, 0x38, 0x00, 0x00, 0x21,
    0x80, 0x00, 0x00, 0x02, 0x00, 0x2E, 0x0E, 0x00, 0x07, 0x80, 0x01, 0x01, 0x04, 0x16, 0x00, 0x00,
    0x00, 0x00, 0x04, 0x05, 0x06, 0x07, 0x09, 0x0A, 0x0E, 0x5C, 0x00, 0x3A, 0x0B, 0x00, 0x0C, 0x00,
    0x0D, 0x12, 0x40, 0x00, 0x0F, 0x12, 0x40, 0x00, 0x10, 0x30, 0x01, 0x12, 0x01, 0x00, 0x19, 0x00,
    0x00, 0x00, 0x00, 0x00, 0x00, 0x2E, 0x14, 0x00, 0x07, 0x80, 0x00, 0x49, 0x02, 0x10, 0x7A, 0x9C,
    0x15, 0x00, 0x00, 0x3D, 0x39, 0x20, 0x00, 0x06, 0x0E, 0x0F, 0x12, 0x40, 0x00, 0x2E, 0x14, 0x00,
    0x07, 0x80, 0x00, 0x49, 0x02, 0x10, 0x7A, 0x9C, 0x15, 0x00, 0x00, 0x3D, 0x00, 0x02, 0x03, 0xC3,
    0x74, 0x18, 0x00, 0x00, 0x09, 0x0A, 0x13, 0x00, 0x00, 0x1B, 0x80, 0x12, 0x40, 0x00, 0x28, 0xA6,
    0x03, 0x00, 0x00, 0x21, 0x00, 0x40, 0x00, 0x00, 0x00, 0x01, 0x58, 0x03, 0x00, 0x00, 0x35, 0x00,
    0x00, 0x21, 0x80, 0x00, 0x00, 0x01, 0x00, 0x2E, 0x0E, 0x00, 0x07, 0x80, 0x02, 0x28, 0x58, 0x03,
    0x00, 0x00, 0x21, 0x00, 0x00, 0x01, 0x00, 0x00, 0x01, 0x8D, 0x15, 0x00, 0x00, 0x2E, 0x0E, 0x00,
    0x07, 0x80, 0x02, 0x28, 0x8D, 0x15, 0x00, 0x00, 0x43, 0x0D, 0x80, 0x16, 0x00, 0x00, 0x43, 0x4D,
    0x80, 0x16, 0x00, 0x00, 0x2A, 0x04, 0x00, 0x00, 0x0A, 0x80, 0x60, 0x00, 0xA8, 0x16, 0x00, 0x00,
    0x1D, 0x01, 0x00, 0x10, 0x00, 0x00, 0x98, 0x09, 0x00, 0x00, 0x2B, 0x04, 0x00, 0x00, 0x21, 0x80,
    0x00, 0x02, 0x00, 0x00, 0x98, 0x09, 0x00, 0x00, 0x2E, 0x0F, 0x00, 0x07, 0x80, 0x01, 0x41, 0xC7,
    0x09, 0x00, 0x00, 0x28, 0xA6, 0x03, 0x00, 0x00, 0x35, 0x00, 0x00, 0x21, 0x80, 0x00, 0x00, 0x00,
    0x08, 0x2E, 0x03, 0x00, 0x03, 0x80, 0x4C, 0x16, 0x03, 0x28, 0x98, 0x09, 0x00, 0x00, 0x2E, 0x03,
    0x00, 0x03, 0x80, 0x05, 0x35, 0x00, 0x00, 0x21, 0x80, 0x00, 0x00, 0x01, 0x00, 0x28, 0x58, 0x03,
    0x00, 0x00, 0x00, 0x02, 0x03, 0x2B, 0x04, 0x00, 0x00, 0x09, 0x80, 0x08, 0x00, 0x00, 0x00, 0x74,
    0x18, 0x00, 0x00, 0x76, 0x01, 0x02, 0x29, 0x00, 0x00, 0x00, 0x03, 0x80, 0x01, 0x74, 0x18, 0x00,
    0x00, 0x29, 0x00, 0x00, 0x00, 0x03, 0x80, 0x02, 0xDA, 0x1C, 0x00, 0x00, 0x09, 0x0A, 0x10, 0xA0,
    0x00, 0x12, 0x40, 0x00, 0x76, 0x01, 0x19, 0x28, 0xA6, 0x03, 0x00, 0x00, 0x00, 0x01, 0xB6, 0x03,
    0x00, 0x00, 0x00, 0x00, 0x02, 0x39, 0x20, 0x00, 0x03, 0x2E, 0x00, 0x00, 0x03, 0x80, 0x00, 0x25,
    0xC4, 0x62, 0x17, 0x00, 0x00, 0x74, 0x18, 0x00, 0x00, 0x10, 0xA3, 0x00, 0x04, 0x29, 0x01, 0x00,
    0x00, 0x13, 0x80, 0x02, 0x3A, 0x17, 0x00, 0x00, 0x80, 0x02, 0x07, 0x09, 0x0A, 0x0E, 0x5C, 0x00,
    0x3A, 0x0B, 0x00, 0x0C, 0x00, 0x0D, 0x12, 0x40, 0x00, 0x0F, 0x12, 0x40, 0x00, 0x19, 0x00, 0x00,
    0x00, 0x00, 0x00, 0x00, 0x2E, 0x14, 0x00, 0x07, 0x80, 0x00, 0x49, 0x02, 0x10, 0x28, 0x1F, 0x17,
    0x00, 0x00, 0x3D, 0x1D, 0x01, 0x00, 0x10, 0x00, 0x00, 0xD1, 0x17, 0x00, 0x00, 0x2B, 0x04, 0x00,
    0x00, 0x21, 0x80, 0x00, 0x02, 0x00, 0x00, 0xD1, 0x17, 0x00, 0x00, 0x2A, 0x00, 0x00, 0x00, 0x14,
    0x80, 0x13, 0x00, 0xC0, 0x17, 0x00, 0x00, 0x2A, 0x00, 0x00, 0x00, 0x14, 0x80, 0x23, 0x01, 0xB5,
    0x17, 0x00, 0x00, 0x2A, 0x00, 0x00, 0x00, 0x14, 0x80, 0x54, 0x01, 0xAA, 0x17, 0x00, 0x00, 0x2E,
    0x0F, 0x00, 0x07, 0x80, 0x05, 0x28, 0xC6, 0x17, 0x00, 0x00, 0x2E, 0x0F, 0x00, 0x07, 0x80, 0x07,
    0x28, 0xC6, 0x17, 0x00, 0x00, 0x2E, 0x0F, 0x00, 0x07, 0x80, 0x06, 0x28, 0xC6, 0x17, 0x00, 0x00,
    0x2E, 0x0F, 0x00, 0x07, 0x80, 0x04, 0x41, 0xC7, 0x09, 0x00, 0x00, 0xC5, 0x28, 0xA6, 0x03, 0x00,
    0x00, 0x00, 0x2E, 0x03, 0x00, 0x03, 0x80, 0x0C, 0x2E, 0x18, 0x00, 0x07, 0x80, 0x01, 0x18, 0x01,
    0x35, 0x00, 0x00, 0x21, 0x80, 0x00, 0x08, 0x00, 0x00, 0x2A, 0x01, 0x00, 0x00, 0x14, 0x80, 0x54,
    0x01, 0xFB, 0x17, 0x00, 0x00, 0x2E, 0x03, 0x00, 0x03, 0x80, 0x05, 0x01, 0x08, 0x18, 0x00, 0x00,
    0x00, 0x00, 0xC6, 0x28, 0x86, 0x03, 0x00, 0x00, 0xC6, 0x28, 0xB6, 0x03, 0x00, 0x00, 0x00, 0x02,
    0x03, 0xBF, 0x2E, 0x1A, 0x00, 0x07, 0x80, 0x12, 0x89, 0x41, 0x2B, 0x18, 0x00, 0x00, 0x29, 0x00,
    0x05, 0x00, 0x03, 0x80, 0x02, 0x1F, 0x06, 0x00, 0x00, 0x09, 0x0A, 0x28, 0x17, 0x06, 0x00, 0x00,
    0x00, 0x02, 0x03, 0x7B, 0x53, 0x18, 0x00, 0x00, 0x00, 0x09, 0x0A, 0x35, 0x00, 0x00, 0x21, 0x80,
    0x00, 0x01, 0x00, 0x00, 0x0B, 0x00, 0x0C, 0x00, 0x10, 0x4B, 0x00, 0x12, 0x40, 0x00, 0x28, 0xA6,
    0x03, 0x00, 0x00, 0x39, 0x20, 0x00, 0x10, 0x4C, 0x00, 0x12, 0x40, 0x00, 0x28, 0xA6, 0x03, 0x00,
    0x00, 0x00, 0x82, 0x72, 0x18, 0x00, 0x00, 0x2E, 0x03, 0x00, 0x03, 0x80, 0x88, 0x28, 0x58, 0x03,
    0x00, 0x00, 0x02, 0x03, 0x39, 0x20, 0x00, 0x33, 0x00, 0x00, 0x29, 0x80, 0x20, 0x0F, 0x12, 0x40,
    0x00, 0x28, 0xA6, 0x03, 0x00, 0x00, 0x39, 0x20, 0x00, 0x33, 0x00, 0x00, 0x29, 0x80, 0x08, 0x0F,
    0x12, 0x40, 0x00, 0x28, 0xA6, 0x03, 0x00, 0x00, 0x00, 0x01, 0xB6, 0x03, 0x00, 0x00, 0x00, 0x00,
    0x2E, 0x03, 0x00, 0x03, 0x80, 0x4A, 0x02, 0x1D, 0x01, 0x00, 0x10, 0x00, 0x00, 0xB2, 0x18, 0x00,
    0x00, 0x03, 0x83, 0x28, 0x88, 0x03, 0x00, 0x00, 0x00, 0x02, 0x03, 0x85, 0x09, 0x0A, 0x13, 0x00,
    0x00, 0x3C, 0x80, 0x12, 0x40, 0x00, 0x28, 0xA6, 0x03, 0x00, 0x00, 0x00, 0x29, 0x00, 0x06, 0x00,
    0x03, 0x80, 0x01, 0xFA, 0x18, 0x00, 0x00, 0x02, 0x03, 0x01, 0xB6, 0x03, 0x00, 0x00, 0x00, 0x00,
    0x86, 0xEC, 0x18, 0x00, 0x00, 0x06, 0x69, 0x28, 0x8C, 0x03, 0x00, 0x00, 0x39, 0x20, 0x00, 0x10,
    0xF6, 0x00, 0x12, 0x40, 0x00, 0x28, 0xA6, 0x03, 0x00, 0x00, 0x02, 0x03, 0x39, 0x40, 0x00, 0x86,
    0xEC, 0x18, 0x00, 0x00, 0x0F, 0x12, 0x40, 0x00, 0x28, 0xA6, 0x03, 0x00, 0x00, 0x00, 0x02, 0x03,
    0x87, 0x1A, 0x19, 0x00, 0x00, 0x28, 0x39, 0x18, 0x00, 0x00, 0x39, 0x20, 0x00, 0x13, 0x00, 0x00,
    0x3E, 0x80, 0x12, 0x40, 0x00, 0x28, 0xA6, 0x03, 0x00, 0x00, 0x00, 0x02, 0x03, 0xC8, 0x28, 0x99,
    0x14, 0x00, 0x00, 0x00, 0x02, 0x03, 0x01, 0x74, 0x18, 0x00, 0x00, 0x00, 0x00, 0xCE, 0x74, 0x18,
    0x00, 0x00, 0x09, 0x0A, 0x10, 0xA9, 0x00, 0x12, 0x40, 0x00, 0x28, 0xA6, 0x03, 0x00, 0x00, 0x00,
    0x1D, 0x00, 0x00, 0x00, 0x00, 0x01, 0xB0, 0x03, 0x00, 0x00, 0x01, 0xB6, 0x03, 0x00, 0x00, 0x00,
    0x00, 0x02, 0x03, 0xB4, 0x04, 0x74, 0x18, 0x00, 0x00, 0x09, 0x0A, 0x2E, 0x1A, 0x00, 0x07, 0x80,
    0x14, 0x89, 0x01, 0x92, 0x19, 0x00, 0x00, 0x29, 0x00, 0x05, 0x00, 0x03, 0x80, 0x02, 0x92, 0x19,
    0x00, 0x00, 0x47, 0x45, 0x00, 0x01, 0x10, 0x00, 0x07, 0x80, 0x13, 0x00, 0x00, 0x3B, 0x80, 0x12,
    0x40, 0x00, 0x1E, 0x00, 0x14, 0x69, 0x2F, 0x00, 0x00, 0x1F, 0x00, 0x20, 0x00, 0x59, 0x26, 0x00,
    0x00, 0x2E, 0x03, 0x00, 0x03, 0x80, 0x07, 0x16, 0x28, 0xA6, 0x03, 0x00, 0x00, 0x00, 0x02, 0x03,
    0x1D, 0x00, 0x00, 0x00, 0x00, 0x01, 0x74, 0x18, 0x00, 0x00, 0x1C, 0x00, 0x10, 0x00, 0x00, 0x00,
    0x13, 0x1A, 0x00, 0x00, 0x22, 0x00, 0x0A, 0x86, 0x18, 0x00, 0x00, 0x1E, 0x00, 0x29, 0xF9, 0x19,
    0x00, 0x00, 0x1C, 0x00, 0xFF, 0x00, 0x00, 0x00, 0x74, 0x18, 0x00, 0x00, 0x01, 0x74, 0x18, 0x00,
    0x00, 0x00, 0x00, 0x1F, 0x00, 0x20, 0x00, 0x59, 0x26, 0x00, 0x00, 0x09, 0x0A, 0x2E, 0x03, 0x00,
    0x03, 0x80, 0x03, 0x16, 0x28, 0xA6, 0x03, 0x00, 0x00, 0x31, 0x00, 0x00, 0x16, 0x80, 0x00, 0x00,
    0x0E, 0x80, 0x01, 0x2E, 0x05, 0x00, 0x03, 0x80, 0x00, 0x41, 0x29, 0x2F, 0x00, 0x00, 0x28, 0xA6,
    0x03, 0x00, 0x00, 0x76, 0x01, 0x17, 0x39, 0x20, 0x00, 0x10, 0x5C, 0x01, 0x12, 0x40, 0x00, 0x28,
    0xA6, 0x03, 0x00, 0x00, 0x00, 0x29, 0x00, 0x06, 0x00, 0x03, 0x80, 0x01, 0xAB, 0x1A, 0x00, 0x00,
    0x02, 0x03, 0xC9, 0x74, 0x18, 0x00, 0x00, 0x79, 0x09, 0x0A, 0x1D, 0x00, 0x00, 0x00, 0x00, 0x01,
    0xA0, 0x1A, 0x00, 0x00, 0x2E, 0x1B, 0x00, 0x07, 0x80, 0x00, 0x48, 0x00, 0x12, 0x07, 0x48, 0x00,
    0x02, 0x03, 0x2E, 0x1A, 0x00, 0x07, 0x80, 0xA1, 0x89, 0x01, 0x71, 0x1A, 0x00, 0x00, 0x29, 0x02,
    0x05, 0x00, 0x03, 0x80, 0x01, 0x71, 0x1A, 0x00, 0x00, 0x13, 0x00, 0x00, 0x3A, 0x80, 0x12, 0x40,
    0x00, 0x48, 0x00, 0x10, 0x03, 0x2E, 0x1A, 0x00, 0x07, 0x80, 0xA4, 0x89, 0x01, 0x94, 0x1A, 0x00,
    0x00, 0x29, 0x02, 0x05, 0x00, 0x03, 0x80, 0x01, 0x94, 0x1A, 0x00, 0x00, 0x13, 0x00, 0x00, 0x3A,
    0x80, 0x12, 0x40, 0x00, 0x19, 0x01, 0x00, 0x00, 0x00, 0x00, 0x00, 0x28, 0xA6, 0x03, 0x00, 0x00,
    0x10, 0x69, 0x01, 0x12, 0x40, 0x00, 0x28, 0x94, 0x1A, 0x00, 0x00, 0x02, 0x03, 0xC9, 0xB2, 0x1A,
    0x00, 0x00, 0x79, 0x39, 0x40, 0x00, 0x0E, 0x0F, 0x12, 0x40, 0x00, 0x19, 0x01, 0x00, 0x00, 0x00,
    0x00, 0x00, 0x28, 0xA6, 0x03, 0x00, 0x00, 0x1C, 0x01, 0xD8, 0x00, 0x00, 0x00, 0xD6, 0x1A, 0x00,
    0x00, 0x28, 0x58, 0x03, 0x00, 0x00, 0x2E, 0x0E, 0x00, 0x07, 0x80, 0x02, 0x28, 0x58, 0x03, 0x00,
    0x00, 0x00, 0xCF, 0x7F, 0x03, 0x00, 0x00, 0x03, 0x10, 0x50, 0x01, 0x12, 0x40, 0x00, 0x28, 0xA6,
    0x03, 0x00, 0x00, 0x1D, 0x00, 0x00, 0x00, 0x00, 0x01, 0x58, 0x03, 0x00, 0x00, 0x2E, 0x03, 0x00,
    0x03, 0x80, 0xA4, 0x1C, 0x00, 0x40, 0x00, 0x00, 0x00, 0x12, 0x1B, 0x00, 0x00, 0x28, 0x58, 0x03,
    0x00, 0x00, 0x2E, 0x0E, 0x00, 0x07, 0x80, 0x02, 0x28, 0x58, 0x03, 0x00, 0x00, 0x00, 0x02, 0x03,
    0xCA, 0x09, 0x0A, 0x10, 0xA4, 0x00, 0x12, 0x40, 0x00, 0x28, 0xA6, 0x03, 0x00, 0x00, 0x00, 0x02,
    0x39, 0x20, 0x00, 0xCC, 0x10, 0xA6, 0x00, 0x12, 0x40, 0x00, 0x3C, 0x00, 0x02, 0x03, 0xCB, 0x09,
    0x0A, 0x10, 0xA5, 0x00, 0x12, 0x40, 0x00, 0x28, 0xA6, 0x03, 0x00, 0x00, 0x00, 0x02, 0x03, 0x01,
    0x74, 0x18, 0x00, 0x00, 0x00, 0x00, 0xD0, 0x74, 0x18, 0x00, 0x00, 0x09, 0x0A, 0x10, 0xAC, 0x00,
    0x12, 0x40, 0x00, 0x28, 0xA6, 0x03, 0x00, 0x00, 0x00, 0x02, 0x03, 0xD1, 0x74, 0x18, 0x00, 0x00,
    0x09, 0x0A, 0x10, 0xAE, 0x00, 0x12, 0x40, 0x00, 0x28, 0xA6, 0x03, 0x00, 0x00, 0x00, 0x02, 0x03,
    0x1D, 0x00, 0x00, 0x00, 0x00, 0x01, 0x74, 0x18, 0x00, 0x00, 0x01, 0x74, 0x18, 0x00, 0x00, 0x00,
    0x00, 0xD2, 0x74, 0x18, 0x00, 0x00, 0x09, 0x0A, 0x10, 0xAF, 0x00, 0x12, 0x40, 0x00, 0x13, 0x00,
    0x00, 0x24, 0x80, 0x12, 0x40, 0x00, 0x28, 0xA6, 0x03, 0x00, 0x00, 0x00, 0x02, 0x03, 0x01, 0x74,
    0x18, 0x00, 0x00, 0xFF, 0xFF, 0xD3, 0x74, 0x18, 0x00, 0x00, 0x09, 0x0A, 0x10, 0xB0, 0x00, 0x12,
    0x40, 0x00, 0x28, 0xA6, 0x03, 0x00, 0x00, 0x00, 0x02, 0x03, 0xD4, 0x00, 0x74, 0x18, 0x00, 0x00,
    0x09, 0x0A, 0x28, 0xA6, 0x03, 0x00, 0x00, 0x00, 0x02, 0xDE, 0x73, 0x18, 0x00, 0x00, 0x09, 0x0A,
    0x2E, 0x18, 0x00, 0x07, 0x80, 0x00, 0x2E, 0x19, 0x00, 0x07, 0x80, 0x00, 0x63, 0x01, 0x00, 0x02,
    0x03, 0xD5, 0x74, 0x18, 0x00, 0x00, 0x09, 0x0A, 0x10, 0xB3, 0x00, 0x12, 0x40, 0x00, 0x28, 0xA6,
    0x03, 0x00, 0x00, 0x2E, 0x03, 0x00, 0x03, 0x80, 0xE5, 0x28, 0x58, 0x03, 0x00, 0x00, 0x00, 0xDF,
    0x72, 0x18, 0x00, 0x00, 0x02, 0x03, 0x09, 0x0A, 0x10, 0xBD, 0x00, 0x12, 0x40, 0x00, 0x28, 0xA6,
    0x03, 0x00, 0x00, 0x00, 0x02, 0x03, 0xEA, 0x74, 0x18, 0x00, 0x00, 0x09, 0x0A, 0x10, 0x40, 0x01,
    0x12, 0x40, 0x00, 0x28, 0xA6, 0x03, 0x00, 0x00, 0xD6, 0x28, 0x58, 0x03, 0x00, 0x00, 0x00, 0x01,
    0xB6, 0x03, 0x00, 0x00, 0x00, 0x00, 0x02, 0x03, 0xEE, 0x04, 0x05, 0x06, 0x07, 0x29, 0x00, 0x18,
    0x00, 0x07, 0x80, 0x00, 0x5E, 0x1C, 0x00, 0x00, 0x36, 0x00, 0x00, 0x29, 0x80, 0x09, 0x09, 0x0A,
    0x29, 0x03, 0x18, 0x00, 0x07, 0x80, 0x02, 0x71, 0x1C, 0x00, 0x00, 0x10, 0x62, 0x01, 0x12, 0x40,
    0x00, 0x4A, 0x0E, 0x5C, 0x00, 0x3A, 0x0B, 0x00, 0x0C, 0x00, 0x0D, 0x12, 0x40, 0x00, 0x0F, 0x12,
    0x40, 0x00, 0x15, 0x19, 0x00, 0x00, 0x00, 0x00, 0x00, 0x00, 0x28, 0xA6, 0x03, 0x00, 0x00, 0x00,
    0x02, 0x03, 0x1E, 0x00, 0x48, 0xD0, 0x1C, 0x00, 0x00, 0x1E, 0x00, 0x0F, 0xD0, 0x1C, 0x00, 0x00,
    0x1D, 0x00, 0x00, 0x00, 0x00, 0x01, 0x74, 0x18, 0x00, 0x00, 0x1F, 0x00, 0x20, 0x00, 0x59, 0x26,
    0x00, 0x00, 0x01, 0x74, 0x18, 0x00, 0x00, 0xFF, 0xFF, 0x84, 0x74, 0x18, 0x00, 0x00, 0xD7, 0x74,
    0x18, 0x00, 0x00, 0x09, 0x0A, 0x10, 0xB6, 0x00, 0x12, 0x40, 0x00, 0x28, 0xA6, 0x03, 0x00, 0x00,
    0x31, 0x17, 0x00, 0x07, 0x80, 0x15, 0x00, 0x07, 0x80, 0x01, 0x39, 0x20, 0x00, 0x10, 0x5A, 0x01,
    0x12, 0x40, 0x00, 0x28, 0xA6, 0x03, 0x00, 0x00, 0x2E, 0x03, 0x00, 0x03, 0x80, 0x36, 0x28, 0x58,
    0x03, 0x00, 0x00, 0x00, 0x02, 0x03, 0xD8, 0x74, 0x18, 0x00, 0x00, 0x31, 0x00, 0x00, 0x22, 0x80,
    0x00, 0x00, 0x04, 0x80, 0x04, 0x01, 0xB8, 0x03, 0x00, 0x00, 0x00, 0x00, 0x06, 0x29, 0x04, 0x00,
    0x00, 0x29, 0x80, 0x29, 0x8C, 0x03, 0x00, 0x00, 0x36, 0x00, 0x00, 0x29, 0x80, 0x06, 0x31, 0x00,
    0x00, 0x04, 0x80, 0x00, 0x00, 0x22, 0x80, 0x04, 0x69, 0x28, 0x8C, 0x03, 0x00, 0x00, 0xD9, 0x28,
    0x58, 0x03, 0x00, 0x00, 0x00, 0x02, 0x03, 0x01, 0x74, 0x18, 0x00, 0x00, 0xFF, 0xFF, 0xDA, 0x74,
    0x18, 0x00, 0x00, 0x09, 0x0A, 0x10, 0xB8, 0x00, 0x12, 0x40, 0x00, 0x28, 0xA6, 0x03, 0x00, 0x00,
    0x00, 0x02, 0x03, 0xDB, 0x74, 0x18, 0x00, 0x00, 0x09, 0x0A, 0x10, 0xB9, 0x00, 0x12, 0x40, 0x00,
    0x28, 0xA6, 0x03, 0x00, 0x00, 0x00, 0x02, 0x03, 0xCD, 0x74, 0x18, 0x00, 0x00, 0x09, 0x0A, 0x10,
    0xA7, 0x00, 0x12, 0x40, 0x00, 0x98, 0x01, 0x28, 0xA6, 0x03, 0x00, 0x00, 0x00, 0x02, 0x03, 0xDC,
    0x74, 0x18, 0x00, 0x00, 0x09, 0x0A, 0x10, 0xBB, 0x00, 0x12, 0x40, 0x00, 0x28, 0xA6, 0x03, 0x00,
    0x00, 0x00, 0xE0, 0x72, 0x18, 0x00, 0x00, 0x02, 0x03, 0x09, 0x0A, 0x39, 0x20, 0x00, 0x10, 0xBF,
    0x00, 0x12, 0x40, 0x00, 0x28, 0xA6, 0x03, 0x00, 0x00, 0x00, 0x02, 0x03, 0xDD, 0x01, 0xB8, 0x03,
    0x00, 0x00, 0x00, 0x00, 0x28, 0x88, 0x03, 0x00, 0x00, 0xE4, 0x28, 0x58, 0x03, 0x00, 0x00, 0x2E,
    0x03, 0x00, 0x03, 0x80, 0xE6, 0x28, 0x58, 0x03, 0x00, 0x00, 0x00, 0x02, 0x03, 0x2E, 0x00, 0x00,
    0x0E, 0x80, 0x00, 0x25, 0x2E, 0x03, 0x00, 0x03, 0x80, 0x07, 0x2C, 0x00, 0x00, 0x0B, 0x80, 0x00,
    0x00, 0x0E, 0x80, 0x01, 0x28, 0x1E, 0x00, 0x00, 0x1E, 0x00, 0x14, 0x3D, 0x1E, 0x00, 0x00, 0x1D,
    0x00, 0x00, 0x00, 0x00, 0x01, 0x59, 0x1E, 0x00, 0x00, 0x1D, 0x00, 0x07, 0x00, 0x00, 0x00, 0x67,
    0x1E, 0x00, 0x00, 0xE3, 0x00, 0x28, 0x1E, 0x00, 0x00, 0x01, 0x78, 0x1E, 0x00, 0x00, 0x00, 0x00,
    0x1F, 0x00, 0x20, 0x00, 0x4B, 0x1E, 0x00, 0x00, 0x09, 0x0A, 0x16, 0x0F, 0x12, 0x40, 0x00, 0x2E,
    0x14, 0x00, 0x07, 0x80, 0x00, 0x49, 0x02, 0x10, 0x2F, 0x00, 0x00, 0x0E, 0x80, 0x01, 0x2D, 0x00,
    0x00, 0x0E, 0x80, 0x00, 0x00, 0x0F, 0x80, 0x01, 0xD3, 0x1D, 0x00, 0x00, 0x3D, 0x39, 0x20, 0x00,
    0x10, 0xCA, 0x00, 0x12, 0x40, 0x00, 0x28, 0x1F, 0x1E, 0x00, 0x00, 0x39, 0x20, 0x00, 0x10, 0x50,
    0x00, 0x12, 0x40, 0x00, 0x28, 0x1F, 0x1E, 0x00, 0x00, 0x39, 0x20, 0x00, 0x10, 0xE5, 0x00, 0x12,
    0x40, 0x00, 0x28, 0x1F, 0x1E, 0x00, 0x00, 0x76, 0x01, 0x17, 0x39, 0x20, 0x00, 0x10, 0x44, 0x00,
    0x12, 0x40, 0x00, 0x28, 0x1F, 0x1E, 0x00, 0x00, 0x0F, 0x12, 0x40, 0x00, 0x28, 0x1F, 0x1E, 0x00,
    0x00, 0x00, 0x02, 0x03, 0xE8, 0x74, 0x18, 0x00, 0x00, 0x09, 0x0A, 0x13, 0x00, 0x00, 0x39, 0x80,
    0x12, 0x40, 0x00, 0x28, 0xA6, 0x03, 0x00, 0x00, 0x2E, 0x03, 0x00, 0x03, 0x80, 0x06, 0x28, 0x58,
    0x03, 0x00, 0x00, 0xE9, 0x28, 0x58, 0x03, 0x00, 0x00, 0x2E, 0x03, 0x00, 0x03, 0x80, 0xFB, 0x28,
    0x58, 0x03, 0x00, 0x00, 0x00, 0x02, 0x03, 0x20, 0x00, 0x02, 0x01, 0x00, 0xC9, 0x1E, 0x00, 0x00,
    0x20, 0x00, 0x00, 0x02, 0x00, 0x27, 0x1F, 0x00, 0x00, 0x01, 0x74, 0x18, 0x00, 0x00, 0x00, 0x00,
    0x09, 0x0A, 0x2E, 0x1B, 0x00, 0x07, 0x80, 0x00, 0x48, 0x00, 0x06, 0x05, 0x48, 0x00, 0x02, 0x01,
    0x2E, 0x1A, 0x00, 0x07, 0x80, 0x91, 0x89, 0x01, 0xFF, 0x1E, 0x00, 0x00, 0x29, 0x00, 0x05, 0x00,
    0x03, 0x80, 0x02, 0xFF, 0x1E, 0x00, 0x00, 0x13, 0x00, 0x00, 0x3A, 0x80, 0x12, 0x40, 0x00, 0x48,
    0x00, 0x04, 0x01, 0x2E, 0x1A, 0x00, 0x07, 0x80, 0x92, 0x89, 0x01, 0x22, 0x1F, 0x00, 0x00, 0x29,
    0x00, 0x05, 0x00, 0x03, 0x80, 0x02, 0x22, 0x1F, 0x00, 0x00, 0x13, 0x00, 0x00, 0x3A, 0x80, 0x12,
    0x40, 0x00, 0x28, 0xA6, 0x03, 0x00, 0x00, 0x39, 0x20, 0x00, 0x33, 0x00, 0x00, 0x29, 0x80, 0x20,
    0x10, 0x5D, 0x01, 0x12, 0x40, 0x00, 0x28, 0xA6, 0x03, 0x00, 0x00, 0x00, 0x02, 0x03, 0x20, 0x01,
    0x03, 0x02, 0x0C, 0x50, 0x1F, 0x00, 0x00, 0x20, 0x01, 0x00, 0x05, 0x0C, 0x75, 0x20, 0x00, 0x00,
    0x09, 0x0A, 0x2E, 0x1B, 0x00, 0x07, 0x80, 0x00, 0x48, 0x01, 0x24, 0x00, 0x2E, 0x1A, 0x00, 0x07,
    0x80, 0x12, 0x89, 0x41, 0x7B, 0x1F, 0x00, 0x00, 0x29, 0x00, 0x05, 0x00, 0x03, 0x80, 0x02, 0x7B,
    0x1F, 0x00, 0x00, 0x13, 0x00, 0x00, 0x3B, 0x80, 0x12, 0x40, 0x00, 0x2E, 0x1A, 0x00, 0x07, 0x80,
    0x15, 0x89, 0x41, 0x9A, 0x1F, 0x00, 0x00, 0x29, 0x00, 0x05, 0x00, 0x03, 0x80, 0x02, 0x9A, 0x1F,
    0x00, 0x00, 0x13, 0x00, 0x00, 0x3B, 0x80, 0x12, 0x40, 0x00, 0x28, 0xA6, 0x03, 0x00, 0x00, 0x35,
    0x00, 0x00, 0x21, 0x80, 0x00, 0x00, 0x01, 0x00, 0x28, 0x58, 0x03, 0x00, 0x00, 0x00, 0x02, 0x03,
    0x20, 0x01, 0x03, 0x01, 0x0C, 0xC2, 0x1F, 0x00, 0x00, 0x20, 0x01, 0x00, 0x02, 0x0C, 0x75, 0x20,
    0x00, 0x00, 0x09, 0x0A, 0x2E, 0x1B, 0x00, 0x07, 0x80, 0x00, 0x48, 0x01, 0x06, 0x00, 0x2E, 0x1A,
    0x00, 0x07, 0x80, 0x11, 0x89, 0x41, 0xED, 0x1F, 0x00, 0x00, 0x29, 0x00, 0x05, 0x00, 0x03, 0x80,
    0x02, 0xED, 0x1F, 0x00, 0x00, 0x13, 0x00, 0x00, 0x3B, 0x80, 0x12, 0x40, 0x00, 0x2E, 0x1A, 0x00,
    0x07, 0x80, 0x12, 0x89, 0x41, 0x0C, 0x20, 0x00, 0x00, 0x29, 0x00, 0x05, 0x00, 0x03, 0x80, 0x02,
    0x0C, 0x20, 0x00, 0x00, 0x13, 0x00, 0x00, 0x3B, 0x80, 0x12, 0x40, 0x00, 0x28, 0xA6, 0x03, 0x00,
    0x00, 0x00, 0x02, 0x03, 0x20, 0x01, 0x03, 0x04, 0x0C, 0x26, 0x20, 0x00, 0x00, 0x20, 0x01, 0x00,
    0x05, 0x0C, 0x75, 0x20, 0x00, 0x00, 0x09, 0x0A, 0x2E, 0x1B, 0x00, 0x07, 0x80, 0x00, 0x48, 0x01,
    0x30, 0x00, 0x2E, 0x1A, 0x00, 0x07, 0x80, 0x14, 0x89, 0x41, 0x51, 0x20, 0x00, 0x00, 0x29, 0x00,
    0x05, 0x00, 0x03, 0x80, 0x02, 0x51, 0x20, 0x00, 0x00, 0x13, 0x00, 0x00, 0x3B, 0x80, 0x12, 0x40,
    0x00, 0x2E, 0x1A, 0x00, 0x07, 0x80, 0x15, 0x89, 0x41, 0x70, 0x20, 0x00, 0x00, 0x29, 0x00, 0x05,
    0x00, 0x03, 0x80, 0x02, 0x70, 0x20, 0x00, 0x00, 0x13, 0x00, 0x00, 0x3B, 0x80, 0x12, 0x40, 0x00,
    0x28, 0xA6, 0x03, 0x00, 0x00, 0x39, 0x20, 0x00, 0x33, 0x00, 0x00, 0x29, 0x80, 0x20, 0x10, 0x19,
    0x00, 0x12, 0x40, 0x00, 0x28, 0xA6, 0x03, 0x00, 0x00, 0x00, 0x02, 0x03, 0x20, 0x01, 0x03, 0x01,
    0x0C, 0x9E, 0x20, 0x00, 0x00, 0x20, 0x01, 0x00, 0x03, 0x0C, 0x75, 0x20, 0x00, 0x00, 0x09, 0x0A,
    0x2E, 0x1B, 0x00, 0x07, 0x80, 0x00, 0x48, 0x01, 0x0A, 0x00, 0x2E, 0x1A, 0x00, 0x07, 0x80, 0x11,
    0x89, 0x41, 0xC9, 0x20, 0x00, 0x00, 0x29, 0x00, 0x05, 0x00, 0x03, 0x80, 0x02, 0xC9, 0x20, 0x00,
    0x00, 0x13, 0x00, 0x00, 0x3B, 0x80, 0x12, 0x40, 0x00, 0x2E, 0x1A, 0x00, 0x07, 0x80, 0x13, 0x89,
    0x41, 0xE8, 0x20, 0x00, 0x00, 0x29, 0x00, 0x05, 0x00, 0x03, 0x80, 0x02, 0xE8, 0x20, 0x00, 0x00,
    0x13, 0x00, 0x00, 0x3B, 0x80, 0x12, 0x40, 0x00, 0x28, 0xA6, 0x03, 0x00, 0x00, 0x00, 0x02, 0x03,
    0xEB, 0x74, 0x18, 0x00, 0x00, 0x09, 0x0A, 0x10, 0x49, 0x00, 0x12, 0x40, 0x00, 0x28, 0xA6, 0x03,
    0x00, 0x00, 0x56, 0x01, 0x39, 0x40, 0x00, 0x1A, 0x01, 0x1B, 0x01, 0x10, 0x1C, 0x00, 0x3C, 0x56,
    0x00, 0x39, 0x40, 0x00, 0x1A, 0x00, 0x1B, 0x00, 0x10, 0x1D, 0x00, 0x3C, 0x2E, 0x1C, 0x00, 0x07,
    0x80, 0x00, 0x23, 0x00, 0x3E, 0x24, 0x4E, 0x22, 0x00, 0x00, 0x29, 0x01, 0x00, 0x00, 0x05, 0x80,
    0x00, 0x4D, 0x22, 0x00, 0x00, 0x2B, 0x04, 0x00, 0x00, 0x09, 0x80, 0x08, 0x00, 0x00, 0x00, 0x6E,
    0x21, 0x00, 0x00, 0x2B, 0x05, 0x00, 0x00, 0x21, 0x80, 0x00, 0x00, 0x40, 0x00, 0x6E, 0x21, 0x00,
    0x00, 0x10, 0x51, 0x01, 0x2E, 0x00, 0x00, 0x03, 0x80, 0x00, 0x67, 0x29, 0x00, 0x01, 0x00, 0x03,
    0x80, 0x00, 0x6E, 0x21, 0x00, 0x00, 0x72, 0x4D, 0x22, 0x00, 0x00, 0x10, 0x12, 0x01, 0x50, 0x03,
    0x4D, 0x22, 0x00, 0x00, 0x51, 0x03, 0x02, 0x2B, 0x05, 0x00, 0x00, 0x09, 0x80, 0x08, 0x00, 0x00,
    0x00, 0x28, 0x22, 0x00, 0x00, 0x2B, 0x04, 0x00, 0x00, 0x09, 0x80, 0x02, 0x00, 0x00, 0x00, 0x28,
    0x22, 0x00, 0x00, 0x2B, 0x04, 0x00, 0x00, 0x09, 0x80, 0x00, 0x00, 0x00, 0x02, 0x28, 0x22, 0x00,
    0x00, 0x2B, 0x04, 0x00, 0x00, 0x09, 0x80, 0x00, 0x01, 0x3F, 0x00, 0x28, 0x22, 0x00, 0x00, 0x2B,
    0x04, 0x00, 0x00, 0x09, 0x80, 0x01, 0x00, 0x00, 0x00, 0x28, 0x22, 0x00, 0x00, 0x2B, 0x04, 0x00,
    0x00, 0x21, 0x80, 0x00, 0x00, 0x40, 0x00, 0x28, 0x22, 0x00, 0x00, 0x29, 0x00, 0x1D, 0x00, 0x07,
    0x80, 0x01, 0x28, 0x22, 0x00, 0x00, 0x4F, 0x0B, 0x28, 0x22, 0x00, 0x00, 0x10, 0x1A, 0x01, 0x2E,
    0x00, 0x00, 0x03, 0x80, 0x00, 0x67, 0x29, 0x00, 0x01, 0x00, 0x03, 0x80, 0x01, 0x28, 0x22, 0x00,
    0x00, 0x6E, 0x50, 0x81, 0x28, 0x22, 0x00, 0x00, 0x51, 0x01, 0x02, 0x29, 0x00, 0x00, 0x00, 0x03,
    0x80, 0x06, 0x28, 0x22, 0x00, 0x00, 0x6B, 0x76, 0x01, 0x05, 0x74, 0x01, 0x10, 0x02, 0x00, 0xE2,
    0x01, 0x3A, 0x4B, 0x3A, 0x61, 0x01, 0x4C, 0x01, 0x4D, 0x01, 0x73, 0x01, 0x10, 0x03, 0x00, 0x62,
    0x01, 0x4E, 0x01, 0x00, 0x3A, 0x52, 0x01, 0x6D, 0x61, 0x03, 0x4C, 0x03, 0x4D, 0x03, 0x73, 0x03,
    0x10, 0x03, 0x00, 0x62, 0x03, 0x4E, 0x03, 0x00, 0x3A, 0x76, 0x01, 0x07, 0x52, 0x03, 0x2B, 0x04,
    0x00, 0x00, 0x09, 0x80, 0x01, 0x00, 0x00, 0x00, 0x4D, 0x22, 0x00, 0x00, 0x68, 0x3E, 0x50, 0x05,
    0x54, 0x22, 0x00, 0x00, 0x51, 0x03, 0x00, 0x50, 0x06, 0x84, 0x22, 0x00, 0x00, 0x51, 0x03, 0x00,
    0x51, 0x03, 0x03, 0x61, 0x03, 0x4C, 0x03, 0x4D, 0x03, 0x73, 0x03, 0x10, 0x03, 0x00, 0x62, 0x03,
    0x4E, 0x03, 0x00, 0x3A, 0x52, 0x05, 0x2D, 0x00, 0x00, 0x0D, 0x80, 0x00, 0x00, 0x0F, 0x80, 0x01,
    0x60, 0x22, 0x00, 0x00, 0x3E, 0x2B, 0x04, 0x00, 0x00, 0x09, 0x80, 0x00, 0x80, 0x00, 0x00, 0x9B,
    0x22, 0x00, 0x00, 0x10, 0x41, 0x01, 0x28, 0x9E, 0x22, 0x00, 0x00, 0x10, 0x6B, 0x01, 0x53, 0x01,
    0x3A, 0x10, 0x0C, 0x00, 0x2B, 0x05, 0x00, 0x00, 0x09, 0x80, 0x00, 0x80, 0x00, 0x00, 0xBB, 0x22,
    0x00, 0x00, 0xF8, 0x01, 0x3A, 0x53, 0x03, 0x3A, 0x10, 0x6C, 0x01, 0x5D, 0x10, 0x1E, 0x00, 0x12,
    0x40, 0x00, 0x91, 0xE5, 0x3E, 0x2B, 0x04, 0x00, 0x00, 0x09, 0x80, 0x00, 0x00, 0x01, 0x00, 0x16,
    0x23, 0x00, 0x00, 0x2B, 0x04, 0x00, 0x00, 0x09, 0x80, 0x00, 0x01, 0x3F, 0x00, 0x21, 0x23, 0x00,
    0x00, 0x2B, 0x04, 0x00, 0x00, 0x09, 0x80, 0x00, 0x00, 0x00, 0x04, 0x21, 0x23, 0x00, 0x00, 0x2B,
    0x04, 0x00, 0x00, 0x09, 0x80, 0x00, 0x08, 0x00, 0x00, 0x15, 0x23, 0x00, 0x00, 0x2A, 0x00, 0x00,
    0x00, 0x3F, 0x80, 0x00, 0x04, 0x15, 0x23, 0x00, 0x00, 0x10, 0x1F, 0x00, 0x12, 0x40, 0x00, 0x10,
    0x20, 0x00, 0x12, 0x40, 0x00, 0x3E, 0x29, 0x00, 0x00, 0x00, 0x05, 0x80, 0x03, 0x62, 0x23, 0x00,
    0x00, 0x2B, 0x05, 0x00, 0x00, 0x09, 0x80, 0x08, 0x00, 0x00, 0x00, 0x09, 0x23, 0x00, 0x00, 0x76,
    0x01, 0x13, 0x3A, 0x76, 0x01, 0x14, 0x3A, 0x53, 0x01, 0x3A, 0x10, 0x7B, 0x01, 0x2B, 0x04, 0x00,
    0x00, 0x09, 0x80, 0x00, 0x00, 0x80, 0x00, 0x59, 0x23, 0x00, 0x00, 0x2B, 0x05, 0x00, 0x00, 0x09,
    0x80, 0x00, 0x80, 0x00, 0x00, 0x62, 0x23, 0x00, 0x00, 0xF8, 0x01, 0x3A, 0x53, 0x03, 0x3A, 0x10,
    0x7C, 0x01, 0x3E, 0x76, 0x01, 0x13, 0x3A, 0x76, 0x01, 0x14, 0x3A, 0x53, 0x01, 0x3A, 0x10, 0x7B,
    0x01, 0xF8, 0x01, 0x3A, 0x53, 0x03, 0x3A, 0x10, 0x7C, 0x01, 0x2B, 0x04, 0x00, 0x00, 0x09, 0x80,
    0x00, 0x00, 0x00, 0x01, 0x89, 0x23, 0x00, 0x00, 0x57, 0x12, 0x40, 0x00, 0x3E, 0x2B, 0x04, 0x00,
    0x00, 0x09, 0x80, 0x00, 0x01, 0x00, 0x00, 0xB4, 0x23, 0x00, 0x00, 0x10, 0x05, 0x00, 0x12, 0x40,
    0x00, 0x2B, 0x04, 0x00, 0x00, 0x09, 0x80, 0x00, 0x00, 0x00, 0x01, 0xB0, 0x23, 0x00, 0x00, 0x57,
    0x12, 0x40, 0x00, 0x3E, 0x76, 0x01, 0x1A, 0x10, 0x05, 0x00, 0x12, 0x40, 0x00, 0x53, 0x01, 0x3A,
    0x10, 0x0C, 0x00, 0xF8, 0x01, 0x3A, 0x53, 0x03, 0x3A, 0x10, 0x6C, 0x01, 0x2B, 0x04, 0x00, 0x00,
    0x09, 0x80, 0x00, 0x00, 0x00, 0x01, 0xDB, 0x23, 0x00, 0x00, 0x57, 0x12, 0x40, 0x00, 0x3E, 0x2B,
    0x05, 0x00, 0x00, 0x09, 0x80, 0x08, 0x00, 0x00, 0x00, 0xC2, 0x22, 0x00, 0x00, 0x2B, 0x04, 0x00,
    0x00, 0x09, 0x80, 0x00, 0x80, 0x00, 0x00, 0x03, 0x24, 0x00, 0x00, 0x10, 0x41, 0x01, 0x28, 0x06,
    0x24, 0x00, 0x00, 0x10, 0x6B, 0x01, 0x53, 0x01, 0x3A, 0x10, 0x0C, 0x00, 0x2B, 0x05, 0x00, 0x00,
    0x09, 0x80, 0x00, 0x80, 0x00, 0x00, 0x23, 0x24, 0x00, 0x00, 0xF8, 0x01, 0x3A, 0x53, 0x03, 0x3A,
    0x10, 0x6C, 0x01, 0x2B, 0x05, 0x00, 0x00, 0x09, 0x80, 0x00, 0x00, 0x20, 0x00, 0x32, 0x24, 0x00,
    0x00, 0xE5, 0x3E, 0x45, 0x01, 0x08, 0x00, 0x00, 0x00, 0x00, 0x10, 0x52, 0x01, 0x12, 0x40, 0x00,
    0x3E, 0x10, 0x53, 0x01, 0x12, 0x40, 0x00, 0x3E, 0x10, 0xDF, 0x00, 0x12, 0x40, 0x00, 0x3E, 0x10,
    0xE0, 0x00, 0x12, 0x40, 0x00, 0x3E, 0x10, 0xE1, 0x00, 0x3E, 0x13, 0x00, 0x00, 0x2B, 0x80, 0x12,
    0x40, 0x00, 0x3E, 0x14, 0x00, 0x00, 0x2B, 0x80, 0x44, 0x11, 0x58, 0x01, 0x44, 0x74, 0x01, 0x10,
    0x02, 0x00, 0x2E, 0x0E, 0x00, 0x07, 0x80, 0x02, 0x2B, 0x04, 0x00, 0x00, 0x09, 0x80, 0x01, 0x00,
    0x00, 0x00, 0x8D, 0x24, 0x00, 0x00, 0x26, 0x01, 0x28, 0x8F, 0x24, 0x00, 0x00, 0x26, 0x02, 0xBA,
    0x9C, 0x24, 0x00, 0x00, 0x5F, 0xAB, 0x41, 0xCF, 0x24, 0x00, 0x00, 0x5F, 0x27, 0x8F, 0x24, 0x00,
    0x00, 0xE2, 0x01, 0x3A, 0x4B, 0x3A, 0x61, 0x01, 0x51, 0x01, 0x01, 0x4C, 0x01, 0x4D, 0x01, 0x73,
    0x01, 0x10, 0x03, 0x00, 0x62, 0x01, 0x4E, 0x01, 0x00, 0x3A, 0x52, 0x01, 0x2E, 0x14, 0x00, 0x07,
    0x80, 0x04, 0x49, 0x01, 0x00, 0x2E, 0x14, 0x00, 0x07, 0x80, 0x0F, 0x49, 0x01, 0x00, 0x3E, 0x39,
    0x20, 0x00, 0x02, 0x03, 0x04, 0x05, 0x06, 0x07, 0x09, 0x0A, 0x0E, 0x5C, 0x00, 0x3A, 0x0B, 0x00,
    0x0C, 0x00, 0x0D, 0x12, 0x40, 0x00, 0x0F, 0x12, 0x40, 0x00, 0x19, 0x00, 0x00, 0x00, 0x00, 0x00,
    0x00, 0x2E, 0x14, 0x00, 0x07, 0x80, 0x03, 0x49, 0x02, 0x06, 0x76, 0x00, 0x04, 0x29, 0x00, 0x00,
    0x00, 0x03, 0x80, 0x00, 0x10, 0x25, 0x00, 0x00, 0x2E, 0x1C, 0x00, 0x07, 0x80, 0x00, 0x23, 0x00,
    0x3C, 0x39, 0x20, 0x00, 0x3C, 0x55, 0x6F, 0x01, 0x10, 0x0E, 0x00, 0x2E, 0x1E, 0x00, 0x07, 0x80,
    0x00, 0x6C, 0x59, 0x71, 0x25, 0x00, 0x00, 0x83, 0x25, 0x00, 0x00, 0x01, 0x28, 0x3B, 0x25, 0x00,
    0x00, 0x59, 0x71, 0x25, 0x00, 0x00, 0x83, 0x25, 0x00, 0x00, 0x00, 0x71, 0x10, 0x10, 0x00, 0x10,
    0x11, 0x00, 0x10, 0x12, 0x00, 0x3A, 0x2E, 0x1F, 0x00, 0x07, 0x80, 0x00, 0x5A, 0x68, 0x25, 0x00,
    0x00, 0x10, 0x14, 0x00, 0x3A, 0x2E, 0x1F, 0x00, 0x07, 0x80, 0x00, 0x5B, 0x3B, 0x25, 0x00, 0x00,
    0x10, 0x15, 0x00, 0x28, 0x31, 0x25, 0x00, 0x00, 0x10, 0xDB, 0x00, 0x10, 0x13, 0x00, 0x10, 0xDC,
    0x00, 0x71, 0x55, 0x6F, 0x01, 0x10, 0x0F, 0x00, 0x12, 0x40, 0x00, 0x76, 0x01, 0x06, 0x28, 0x31,
    0x25, 0x00, 0x00, 0x3C, 0x13, 0x00, 0x00, 0x31, 0x80, 0x12, 0x40, 0x00, 0x29, 0x00, 0x05, 0x00,
    0x03, 0x80, 0x02, 0x9E, 0x25, 0x00, 0x00, 0x45, 0x01, 0x0A, 0x00, 0x00, 0x00, 0x00, 0x3E, 0x13,
    0x00, 0x00, 0x36, 0x80, 0x12, 0x40, 0x00, 0x46, 0x01, 0x10, 0x00, 0x07, 0x80, 0x00, 0x00, 0x00,
    0x00, 0x2E, 0x00, 0x00, 0x03, 0x80, 0x00, 0x32, 0x00, 0x00, 0x0B, 0x80, 0x00, 0x00, 0x0C, 0x80,
    0x00, 0x00, 0x03, 0x80, 0x01, 0x96, 0x2B, 0x00, 0x00, 0x00, 0x04, 0x80, 0x00, 0x00, 0x00, 0x00,
    0xF8, 0x25, 0x00, 0x00, 0x13, 0x00, 0x00, 0x37, 0x80, 0x12, 0x40, 0x00, 0x35, 0x00, 0x00, 0x21,
    0x80, 0x20, 0x01, 0x10, 0x01, 0x0E, 0x5C, 0x01, 0x0B, 0x01, 0x0C, 0x01, 0x19, 0x01, 0x00, 0x00,
    0x00, 0x00, 0x00, 0x24, 0xF8, 0x25, 0x00, 0x00, 0x29, 0x01, 0x00, 0x00, 0x05, 0x80, 0x00, 0x17,
    0x26, 0x00, 0x00, 0x2F, 0x00, 0x00, 0x03, 0x80, 0x01, 0x2D, 0x00, 0x00, 0x03, 0x80, 0x00, 0x00,
    0x0F, 0x80, 0x01, 0xB7, 0x25, 0x00, 0x00, 0x38, 0x00, 0x00, 0x21, 0x80, 0x20, 0x01, 0x10, 0x01,
    0x3E, 0x13, 0x00, 0x00, 0x38, 0x80, 0x12, 0x40, 0x00, 0x3E, 0x10, 0xF1, 0x00, 0x12, 0x40, 0x00,
    0x45, 0x01, 0x0B, 0x00, 0x00, 0x00, 0x00, 0x3E, 0x10, 0xF2, 0x00, 0x12, 0x40, 0x00, 0x3E, 0x13,
    0x00, 0x00, 0x44, 0x80, 0x12, 0x40, 0x00, 0x46, 0x01, 0x10, 0x00, 0x07, 0x80, 0x00, 0x00, 0x00,
    0x00, 0x3F, 0x10, 0x5F, 0x01, 0x12, 0x40, 0x00, 0x3E, 0x39, 0x20, 0x00, 0x10, 0x50, 0x00, 0x12,
    0x40, 0x00, 0x3E, 0x39, 0x20, 0x00, 0x10, 0x51, 0x00, 0x12, 0x40, 0x00, 0x3E, 0x45, 0x01, 0x0E,
    0x10, 0x00, 0x07, 0x80, 0x35, 0x00, 0x00, 0x21, 0x80, 0x00, 0x01, 0x10, 0x00, 0x0B, 0x01, 0x0C,
    0x01, 0x31, 0x00, 0x00, 0x04, 0x80, 0x00, 0x00, 0x22, 0x80, 0x04, 0x1E, 0x01, 0x40, 0x9F, 0x26,
    0x00, 0x00, 0x80, 0x00, 0x2E, 0x05, 0x00, 0x03, 0x80, 0x03, 0x28, 0xA5, 0x26, 0x00, 0x00, 0x2E,
    0x05, 0x00, 0x03, 0x80, 0x04, 0x35, 0x00, 0x00, 0x21, 0x80, 0x00, 0x01, 0x10, 0x00, 0x0B, 0x00,
    0x0C, 0x00, 0x13, 0x00, 0x00, 0x27, 0x80, 0x12, 0x40, 0x00, 0x19, 0x01, 0x00, 0x00, 0x00, 0x00,
    0x00, 0x19, 0x00, 0x00, 0x00, 0x00, 0x00, 0x00, 0x3E, 0x10, 0x78, 0x00, 0x12, 0x40, 0x00, 0x28,
    0xA6, 0x03, 0x00, 0x00, 0x00, 0x2E, 0x03, 0x00, 0x03, 0x80, 0x0C, 0x18, 0x01, 0x10, 0x79, 0x00,
    0x12, 0x40, 0x00, 0x01, 0xBB, 0x03, 0x00, 0x00, 0x00, 0x00, 0x06, 0x36, 0x00, 0x00, 0x29, 0x80,
    0x06, 0x31, 0x00, 0x00, 0x04, 0x80, 0x04, 0x00, 0x07, 0x80, 0x04, 0x69, 0x2E, 0x18, 0x00, 0x07,
    0x80, 0x01, 0x09, 0x0A, 0x0E, 0x5C, 0x00, 0x3A, 0x0B, 0x00, 0x0C, 0x00, 0x0F, 0x12, 0x40, 0x00,
    0x19, 0x00, 0x00, 0x00, 0x00, 0x00, 0x00, 0x28, 0xA6, 0x03, 0x00, 0x00, 0x00, 0x2E, 0x03, 0x00,
    0x03, 0x80, 0x0C, 0x18, 0x01, 0x10, 0x79, 0x00, 0x12, 0x40, 0x00, 0x28, 0x74, 0x18, 0x00, 0x00,
    0x09, 0x0A, 0xE2, 0x00, 0x58, 0x00, 0x3A, 0x2B, 0x04, 0x00, 0x00, 0x09, 0x80, 0x08, 0x00, 0x00,
    0x00, 0x49, 0x27, 0x00, 0x00, 0x76, 0x01, 0x19, 0xF6, 0x4C, 0x00, 0x4D, 0x00, 0x4E, 0x00, 0x00,
    0x3A, 0x10, 0x54, 0x01, 0x52, 0x00, 0x28, 0xA6, 0x03, 0x00, 0x00, 0x39, 0x20, 0x00, 0x10, 0x62,
    0x00, 0x12, 0x40, 0x00, 0x3C, 0x10, 0x83, 0x00, 0x12, 0x40, 0x00, 0x3C, 0x10, 0x85, 0x00, 0x12,
    0x40, 0x00, 0x28, 0xA6, 0x03, 0x00, 0x00, 0x11, 0x85, 0x00, 0x44, 0x10, 0x86, 0x00, 0x12, 0x40,
    0x00, 0x3E, 0x10, 0x85, 0x00, 0x2E, 0x14, 0x00, 0x07, 0x80, 0x00, 0x49, 0x02, 0x10, 0x3D, 0x10,
    0x88, 0x00, 0x12, 0x40, 0x00, 0x3E, 0x10, 0x8C, 0x00, 0x12, 0x40, 0x00, 0x35, 0x00, 0x00, 0x21,
    0x80, 0x00, 0x01, 0x10, 0x00, 0x0B, 0x01, 0x0C, 0x01, 0x19, 0x01, 0x00, 0x00, 0x00, 0x00, 0x00,
    0x3C, 0x35, 0x00, 0x00, 0x21, 0x80, 0x00, 0x01, 0x10, 0x00, 0x0B, 0x01, 0x0C, 0x01, 0x41, 0x56,
    0x28, 0x00, 0x00, 0x19, 0x01, 0x00, 0x00, 0x00, 0x00, 0x00, 0x19, 0x01, 0x01, 0xD2, 0x27, 0x00,
    0x00, 0x3C, 0x2E, 0x1C, 0x00, 0x07, 0x80, 0x00, 0x23, 0x01, 0x2E, 0x14, 0x00, 0x07, 0x80, 0x00,
    0x49, 0x00, 0x00, 0x28, 0x25, 0x21, 0x00, 0x00, 0x35, 0x00, 0x00, 0x21, 0x80, 0x00, 0x01, 0x10,
    0x00, 0x0B, 0x00, 0x0C, 0x00, 0x41, 0x56, 0x28, 0x00, 0x00, 0x19, 0x00, 0x00, 0x00, 0x00, 0x00,
    0x00, 0x19, 0x00, 0x01, 0x09, 0x28, 0x00, 0x00, 0x3C, 0x2E, 0x1C, 0x00, 0x07, 0x80, 0x00, 0x23,
    0x00, 0x2E, 0x14, 0x00, 0x07, 0x80, 0x00, 0x49, 0x00, 0x00, 0x28, 0x25, 0x21, 0x00, 0x00, 0x35,
    0x00, 0x00, 0x21, 0x80, 0x00, 0x01, 0x10, 0x00, 0x0B, 0x03, 0x0C, 0x03, 0x41, 0x56, 0x28, 0x00,
    0x00, 0x19, 0x03, 0x00, 0x00, 0x00, 0x00, 0x00, 0x19, 0x03, 0x01, 0x40, 0x28, 0x00, 0x00, 0x3C,
    0x2E, 0x1C, 0x00, 0x07, 0x80, 0x00, 0x23, 0x03, 0x2E, 0x14, 0x00, 0x07, 0x80, 0x00, 0x49, 0x00,
    0x00, 0x28, 0x25, 0x21, 0x00, 0x00, 0x10, 0x95, 0x00, 0x12, 0x40, 0x00, 0x3C, 0x10, 0x97, 0x00,
    0x12, 0x40, 0x00, 0x35, 0x00, 0x00, 0x21, 0x80, 0x00, 0x01, 0x10, 0x00, 0x0B, 0x01, 0x0C, 0x01,
    0x19, 0x01, 0x00, 0x00, 0x00, 0x00, 0x00, 0x3E, 0x10, 0x97, 0x00, 0x12, 0x40, 0x00, 0x3E, 0x20,
    0x01, 0x03, 0x01, 0x0C, 0xAC, 0x28, 0x00, 0x00, 0x20, 0x01, 0x03, 0x02, 0x0C, 0xAC, 0x28, 0x00,
    0x00, 0x20, 0x01, 0x03, 0x03, 0x0C, 0xAC, 0x28, 0x00, 0x00, 0x20, 0x01, 0x03, 0x04, 0x0C, 0xAC,
    0x28, 0x00, 0x00, 0x20, 0x01, 0x00, 0x05, 0x0C, 0x1A, 0x29, 0x00, 0x00, 0x2E, 0x1B, 0x00, 0x07,
    0x80, 0x00, 0x48, 0x01, 0x3E, 0x00, 0x2E, 0x1A, 0x00, 0x07, 0x80, 0x11, 0x89, 0x41, 0xCA, 0x28,
    0x00, 0x00, 0x13, 0x00, 0x00, 0x3B, 0x80, 0x12, 0x40, 0x00, 0x2E, 0x1A, 0x00, 0x07, 0x80, 0x12,
    0x89, 0x41, 0xDE, 0x28, 0x00, 0x00, 0x13, 0x00, 0x00, 0x3B, 0x80, 0x12, 0x40, 0x00, 0x2E, 0x1A,
    0x00, 0x07, 0x80, 0x13, 0x89, 0x41, 0xF2, 0x28, 0x00, 0x00, 0x13, 0x00, 0x00, 0x3B, 0x80, 0x12,
    0x40, 0x00, 0x2E, 0x1A, 0x00, 0x07, 0x80, 0x14, 0x89, 0x41, 0x06, 0x29, 0x00, 0x00, 0x13, 0x00,
    0x00, 0x3B, 0x80, 0x12, 0x40, 0x00, 0x2E, 0x1A, 0x00, 0x07, 0x80, 0x15, 0x89, 0x41, 0x1A, 0x29,
    0x00, 0x00, 0x13, 0x00, 0x00, 0x3B, 0x80, 0x12, 0x40, 0x00, 0x3C, 0xBE, 0x3C, 0x10, 0x9D, 0x00,
    0x12, 0x40, 0x00, 0x31, 0x00, 0x00, 0x0E, 0x80, 0x17, 0x00, 0x07, 0x80, 0x01, 0x3C, 0x10, 0x9E,
    0x00, 0x12, 0x40, 0x00, 0x3C, 0x10, 0x9F, 0x00, 0x12, 0x40, 0x00, 0x3C, 0x10, 0xA2, 0x00, 0x12,
    0x40, 0x00, 0x29, 0x01, 0x05, 0x00, 0x03, 0x80, 0x00, 0x59, 0x29, 0x00, 0x00, 0x01, 0xB0, 0x29,
    0x00, 0x00, 0xF8, 0x00, 0x28, 0x60, 0x29, 0x00, 0x00, 0x01, 0xB0, 0x29, 0x00, 0x00, 0x61, 0x01,
    0x08, 0x29, 0x01, 0x05, 0x00, 0x03, 0x80, 0x00, 0x78, 0x29, 0x00, 0x00, 0x45, 0x01, 0x12, 0x00,
    0x00, 0x00, 0x00, 0x28, 0x7F, 0x29, 0x00, 0x00, 0x45, 0x01, 0x13, 0x00, 0x00, 0x00, 0x00, 0x0E,
    0x5C, 0x00, 0x3A, 0x0B, 0x00, 0x0C, 0x00, 0x0F, 0x12, 0x40, 0x00, 0x19, 0x00, 0x00, 0x00, 0x00,
    0x00, 0x00, 0x24, 0x97, 0x29, 0x00, 0x00, 0x2E, 0x14, 0x00, 0x07, 0x80, 0x00, 0x49, 0x01, 0x00,
    0x2E, 0x14, 0x00, 0x07, 0x80, 0x0B, 0x49, 0x02, 0x0E, 0x2E, 0x00, 0x00, 0x29, 0x80, 0x00, 0x3E,
    0x39, 0x20, 0x00, 0x2E, 0x00, 0x00, 0x29, 0x80, 0x00, 0x33, 0x00, 0x00, 0x29, 0x80, 0x20, 0x0F,
    0x12, 0x40, 0x00, 0x2E, 0x00, 0x00, 0x29, 0x80, 0x00, 0x3E, 0x11, 0xA8, 0x00, 0x44, 0x11, 0xFF,
    0x00, 0x44, 0x02, 0x39, 0x20, 0x00, 0x10, 0x00, 0x01, 0x12, 0x40, 0x00, 0x28, 0xA6, 0x03, 0x00,
    0x00, 0x11, 0xAA, 0x00, 0x44, 0x10, 0xAA, 0x00, 0x12, 0x40, 0x00, 0x28, 0xA6, 0x03, 0x00, 0x00,
    0x10, 0xAA, 0x00, 0x28, 0x85, 0x27, 0x00, 0x00, 0x11, 0xAD, 0x00, 0x44, 0x10, 0xAD, 0x00, 0x12,
    0x40, 0x00, 0x28, 0xA6, 0x03, 0x00, 0x00, 0x10, 0xAD, 0x00, 0x28, 0x85, 0x27, 0x00, 0x00, 0xD4,
    0x01, 0x36, 0x2A, 0x00, 0x00, 0x45, 0x00, 0x16, 0x00, 0x00, 0x00, 0x00, 0x10, 0xB2, 0x00, 0x12,
    0x40, 0x00, 0x35, 0x00, 0x00, 0x21, 0x80, 0x00, 0x01, 0x00, 0x00, 0x0B, 0x00, 0x0C, 0x00, 0x10,
    0x4B, 0x00, 0x12, 0x40, 0x00, 0x3E, 0x10, 0xB2, 0x00, 0x12, 0x40, 0x00, 0x39, 0x20, 0x00, 0x10,
    0x4C, 0x00, 0x12, 0x40, 0x00, 0x3E, 0x45, 0x01, 0x15, 0x00, 0x00, 0x00, 0x00, 0x10, 0xB4, 0x00,
    0x12, 0x40, 0x00, 0x35, 0x00, 0x00, 0x21, 0x80, 0x00, 0x01, 0x00, 0x00, 0x0B, 0x01, 0x0C, 0x01,
    0x3E, 0x39, 0x20, 0x00, 0x10, 0xB5, 0x00, 0x12, 0x40, 0x00, 0x28, 0xA6, 0x03, 0x00, 0x00, 0x2E,
    0x1B, 0x00, 0x07, 0x80, 0x00, 0x48, 0x01, 0x06, 0x0D, 0x48, 0x01, 0x02, 0x09, 0x2E, 0x1A, 0x00,
    0x07, 0x80, 0x91, 0x89, 0xC1, 0x9C, 0x2A, 0x00, 0x00, 0x29, 0x00, 0x05, 0x00, 0x03, 0x80, 0x02,
    0x9C, 0x2A, 0x00, 0x00, 0x13, 0x00, 0x00, 0x3A, 0x80, 0x12, 0x40, 0x00, 0x48, 0x01, 0x04, 0x09,
    0x2E, 0x1A, 0x00, 0x07, 0x80, 0x92, 0x89, 0xC1, 0xBF, 0x2A, 0x00, 0x00, 0x29, 0x00, 0x05, 0x00,
    0x03, 0x80, 0x02, 0xBF, 0x2A, 0x00, 0x00, 0x13, 0x00, 0x00, 0x3A, 0x80, 0x12, 0x40, 0x00, 0x3C,
    0x45, 0x00, 0x05, 0x00, 0x00, 0x00, 0x00, 0x10, 0xB7, 0x00, 0x12, 0x40, 0x00, 0x3C, 0x10, 0xBA,
    0x00, 0x12, 0x40, 0x00, 0x28, 0xA6, 0x03, 0x00, 0x00, 0x11, 0xBA, 0x00, 0x44, 0x10, 0xBA, 0x00,
    0x28, 0x85, 0x27, 0x00, 0x00, 0x10, 0xBC, 0x00, 0x12, 0x40, 0x00, 0x3C, 0x02, 0x03, 0x39, 0x20,
    0x00, 0x10, 0xBE, 0x00, 0x12, 0x40, 0x00, 0x35, 0x00, 0x00, 0x21, 0x80, 0x00, 0x0C, 0x80, 0x00,
    0x76, 0x01, 0x01, 0x3C, 0x02, 0x03, 0xED, 0x45, 0x00, 0x11, 0x00, 0x00, 0x00, 0x00, 0x10, 0xC0,
    0x00, 0x12, 0x40, 0x00, 0x35, 0x00, 0x00, 0x21, 0x80, 0x00, 0x0C, 0x80, 0x00, 0x5F, 0x3C, 0x10,
    0x99, 0x00, 0x12, 0x40, 0x00, 0x3C, 0x10, 0xDA, 0x00, 0x12, 0x40, 0x00, 0x3C, 0x2E, 0x1B, 0x00,
    0x07, 0x80, 0x00, 0x48, 0x01, 0x10, 0x0B, 0x2E, 0x1A, 0x00, 0x07, 0x80, 0xA4, 0x89, 0xC1, 0x56,
    0x2B, 0x00, 0x00, 0x29, 0x00, 0x05, 0x00, 0x03, 0x80, 0x02, 0x56, 0x2B, 0x00, 0x00, 0x13, 0x00,
    0x00, 0x3A, 0x80, 0x12, 0x40, 0x00, 0x3C, 0x10, 0x30, 0x01, 0x12, 0x01, 0x00, 0x45, 0x01, 0x14,
    0x00, 0x00, 0x00, 0x00, 0x10, 0xAB, 0x00, 0x12, 0x40, 0x00, 0x3E, 0x10, 0x6B, 0x00, 0x12, 0x40,
    0x00, 0x64, 0x01, 0x28, 0xA6, 0x03, 0x00, 0x00, 0x38, 0x00, 0x00, 0x21, 0x80, 0x10, 0x00, 0x00,
    0x00, 0x13, 0x00, 0x00, 0x45, 0x80, 0x12, 0x40, 0x00, 0x98, 0x01, 0x3C, 0x10, 0x6E, 0x00, 0x12,
    0x40, 0x00, 0x98, 0x01, 0x3E, 0x10, 0x2A, 0x00, 0x12, 0x40, 0x00, 0x64, 0x01, 0x35, 0x00, 0x00,
    0x21, 0x80, 0x00, 0x01, 0x10, 0x00, 0x0B, 0x01, 0x0C, 0x01, 0x19, 0x01, 0x00, 0x00, 0x00, 0x00,
    0x00, 0x24, 0xB6, 0x2B, 0x00, 0x00, 0x3E, 0x10, 0x30, 0x00, 0x12, 0x40, 0x00, 0x28, 0x9B, 0x2B,
    0x00, 0x00, 0x10, 0x33, 0x00, 0x12, 0x40, 0x00, 0x64, 0x01, 0x28, 0xA6, 0x03, 0x00, 0x00, 0x13,
    0x00, 0x00, 0x1D, 0x80, 0x12, 0x40, 0x00, 0x98, 0x01, 0x3C, 0x10, 0x34, 0x00, 0x12, 0x40, 0x00,
    0x98, 0x00, 0x3C, 0x10, 0x39, 0x00, 0x12, 0x40, 0x00, 0x64, 0x01, 0x76, 0x01, 0x00, 0x28, 0xA6,
    0x03, 0x00, 0x00, 0x10, 0x4A, 0x00, 0x12, 0x40, 0x00, 0x28, 0xA6, 0x03, 0x00, 0x00, 0x13, 0x00,
    0x00, 0x43, 0x80, 0x12, 0x40, 0x00, 0x3E, 0x66, 0x01, 0x01, 0x07, 0x00, 0x00, 0x00, 0x10, 0x7A,
    0x00, 0x12, 0x40, 0x00, 0x3E, 0x10, 0x41, 0x00, 0x12, 0x40, 0x00, 0x65, 0x01, 0x07, 0x00, 0x00,
    0x00, 0x29, 0x00, 0x05, 0x00, 0x03, 0x80, 0x00, 0x57, 0x2C, 0x00, 0x00, 0x76, 0x01, 0x00, 0x08,
    0x10, 0xE6, 0x00, 0x12, 0x40, 0x00, 0x0E, 0x5C, 0x01, 0x3A, 0x35, 0x00, 0x00, 0x21, 0x80, 0x00,
    0x01, 0x10, 0x00, 0x0B, 0x01, 0x0C, 0x01, 0x0F, 0x12, 0x40, 0x00, 0x19, 0x01, 0x00, 0x00, 0x00,
    0x00, 0x00, 0x28, 0xA6, 0x03, 0x00, 0x00, 0x3C, 0x10, 0x42, 0x00, 0x12, 0x40, 0x00, 0x3C, 0x10,
    0x7B, 0x00, 0x12, 0x40, 0x00, 0x3C, 0x45, 0x01, 0x06, 0x10, 0x00, 0x07, 0x80, 0x10, 0x5E, 0x00,
    0x12, 0x40, 0x00, 0x28, 0x9D, 0x2B, 0x00, 0x00, 0x10, 0x5F, 0x00, 0x12, 0x40, 0x00, 0x3E, 0x10,
    0x46, 0x00, 0x12, 0x40, 0x00, 0x65, 0x01, 0x00, 0x00, 0x0F, 0x00, 0x3C, 0x10, 0x47, 0x00, 0x12,
    0x40, 0x00, 0x28, 0xA6, 0x03, 0x00, 0x00, 0x10, 0x91, 0x00, 0x12, 0x40, 0x00, 0x65, 0x01, 0x00,
    0x00, 0x00, 0x08, 0x28, 0x9D, 0x2B, 0x00, 0x00, 0x10, 0x93, 0x00, 0x12, 0x40, 0x00, 0x65, 0x01,
    0x00, 0x00, 0x00, 0x10, 0x28, 0x9D, 0x2B, 0x00, 0x00, 0x10, 0x3B, 0x00, 0x12, 0x40, 0x00, 0x98,
    0x00, 0x3C, 0x64, 0x02, 0x13, 0x00, 0x00, 0x17, 0x80, 0x12, 0x40, 0x00, 0x98, 0x02, 0x3A, 0x3C,
    0x64, 0x02, 0x10, 0x23, 0x00, 0x12, 0x40, 0x00, 0x98, 0x02, 0x3A, 0x6F, 0x02, 0x3E, 0x64, 0x02,
    0x13, 0x00, 0x00, 0x20, 0x80, 0x12, 0x40, 0x00, 0x28, 0xCC, 0x2C, 0x00, 0x00, 0x64, 0x02, 0x13,
    0x00, 0x00, 0x1C, 0x80, 0x12, 0x40, 0x00, 0x28, 0xCC, 0x2C, 0x00, 0x00, 0x64, 0x02, 0x13, 0x00,
    0x00, 0x1E, 0x80, 0x12, 0x40, 0x00, 0x28, 0xCC, 0x2C, 0x00, 0x00, 0x64, 0x02, 0x13, 0x00, 0x00,
    0x1F, 0x80, 0x12, 0x40, 0x00, 0x28, 0xCC, 0x2C, 0x00, 0x00, 0x10, 0x6F, 0x00, 0x12, 0x40, 0x00,
    0x3C, 0x64, 0x02, 0x10, 0x2C, 0x00, 0x12, 0x40, 0x00, 0x28, 0xCC, 0x2C, 0x00, 0x00, 0x10, 0xFA,
    0x00, 0x12, 0x40, 0x00, 0x3C, 0x13, 0x00, 0x00, 0x46, 0x80, 0x12, 0x40, 0x00, 0x3C, 0x66, 0x02,
    0x01, 0x07, 0x00, 0x00, 0x00, 0x10, 0x43, 0x00, 0x12, 0x40, 0x00, 0x3C, 0x2A, 0x00, 0x00, 0x00,
    0x14, 0x80, 0xA5, 0x00, 0x5F, 0x2D, 0x00, 0x00, 0x1E, 0x01, 0x45, 0x79, 0x2D, 0x00, 0x00, 0x35,
    0x00, 0x00, 0x21, 0x80, 0x00, 0x01, 0x10, 0x00, 0x0B, 0x01, 0x0C, 0x01, 0x10, 0x64, 0x00, 0x12,
    0x40, 0x00, 0x19, 0x01, 0x00, 0x00, 0x00, 0x00, 0x00, 0x3C, 0x45, 0x00, 0x10, 0x00, 0x00, 0x00,
    0x00, 0x10, 0x8E, 0x00, 0x12, 0x40, 0x00, 0x3C, 0x39, 0x20, 0x00, 0x10, 0xC1, 0x00, 0x3A, 0x45,
    0x07, 0x0A, 0x00, 0x00, 0x00, 0x00, 0x41, 0xE5, 0x2D, 0x00, 0x00, 0x3F, 0x45, 0x01, 0x01, 0x10,
    0x00, 0x07, 0x80, 0x10, 0xC2, 0x00, 0x12, 0x40, 0x00, 0x3F, 0x39, 0x20, 0x00, 0x10, 0xD0, 0x00,
    0x12, 0x40, 0x00, 0x3F, 0x10, 0x33, 0x01, 0x12, 0x40, 0x00, 0x35, 0x00, 0x00, 0x21, 0x80, 0x00,
    0x01, 0x00, 0x00, 0x0B, 0x01, 0x0C, 0x01, 0x3F, 0x39, 0x20, 0x00, 0x10, 0x34, 0x01, 0x3A, 0x45,
    0x07, 0x0C, 0x00, 0x00, 0x00, 0x00, 0x41, 0xE5, 0x2D, 0x00, 0x00, 0x3F, 0x10, 0x38, 0x01, 0x12,
    0x40, 0x00, 0x98, 0x01, 0x3F, 0x2E, 0x17, 0x00, 0x07, 0x80, 0x00, 0xE7, 0x2F, 0x17, 0x00, 0x07,
    0x80, 0x01, 0x2D, 0x17, 0x00, 0x07, 0x80, 0x00, 0x00, 0x0F, 0x80, 0x01, 0xEB, 0x2D, 0x00, 0x00,
    0x3C, 0x41, 0x07, 0x2E, 0x00, 0x00, 0x3F, 0xE6, 0x3A, 0x10, 0x3A, 0x01, 0x12, 0x40, 0x00, 0x3C,
    0x41, 0x16, 0x2E, 0x00, 0x00, 0x3F, 0x39, 0x20, 0x00, 0x2E, 0x00, 0x00, 0x0E, 0x80, 0x00, 0x2E,
    0x1A, 0x00, 0x07, 0x80, 0x91, 0xE1, 0x73, 0x2E, 0x00, 0x00, 0x1D, 0x00, 0x00, 0x00, 0x00, 0x01,
    0x68, 0x2E, 0x00, 0x00, 0x1E, 0x00, 0x1D, 0x74, 0x2E, 0x00, 0x00, 0x1E, 0x00, 0x34, 0x74, 0x2E,
    0x00, 0x00, 0x1E, 0x00, 0x49, 0x74, 0x2E, 0x00, 0x00, 0x89, 0x21, 0x68, 0x2E, 0x00, 0x00, 0x29,
    0x02, 0x05, 0x00, 0x03, 0x80, 0x01, 0x68, 0x2E, 0x00, 0x00, 0x47, 0x45, 0x00, 0x01, 0x10, 0x00,
    0x07, 0x80, 0x10, 0xCD, 0x00, 0x12, 0x40, 0x00, 0x2F, 0x00, 0x00, 0x0E, 0x80, 0x01, 0x28, 0x25,
    0x2E, 0x00, 0x00, 0x3C, 0x39, 0x20, 0x00, 0x10, 0x55, 0x01, 0x12, 0x40, 0x00, 0x28, 0x68, 0x2E,
    0x00, 0x00, 0x39, 0x20, 0x00, 0x10, 0x4B, 0x01, 0x3A, 0x45, 0x07, 0x0B, 0x00, 0x00, 0x00, 0x00,
    0x41, 0xE5, 0x2D, 0x00, 0x00, 0x3F, 0x02, 0x39, 0x20, 0x00, 0x10, 0x4E, 0x01, 0x12, 0x40, 0x00,
    0x35, 0x00, 0x00, 0x21, 0x80, 0x00, 0x04, 0x00, 0x00, 0x3C, 0x39, 0x20, 0x00, 0x10, 0xC3, 0x00,
    0x39, 0x40, 0x00, 0x28, 0xA6, 0x03, 0x00, 0x00, 0x39, 0x20, 0x00, 0x10, 0xC4, 0x00, 0x39, 0x40,
    0x00, 0x28, 0xA6, 0x03, 0x00, 0x00, 0x03, 0x02, 0x39, 0x20, 0x00, 0x35, 0x00, 0x00, 0x21, 0x80,
    0x00, 0x01, 0x00, 0x00, 0x0B, 0x00, 0x0C, 0x00, 0x10, 0xC5, 0x00, 0x12, 0x40, 0x00, 0x33, 0x00,
    0x00, 0x29, 0x80, 0x08, 0x28, 0xA6, 0x03, 0x00, 0x00, 0x03, 0x02, 0x39, 0x20, 0x00, 0x10, 0x47,
    0x01, 0x12, 0x40, 0x00, 0x33, 0x00, 0x00, 0x29, 0x80, 0x08, 0x28, 0xA6, 0x03, 0x00, 0x00, 0x03,
    0x02, 0x39, 0x20, 0x00, 0x13, 0x00, 0x00, 0x19, 0x80, 0x12, 0x40, 0x00, 0x28, 0xA6, 0x03, 0x00,
    0x00, 0x39, 0x20, 0x00, 0x10, 0xCC, 0x00, 0x12, 0x40, 0x00, 0x28, 0xA6, 0x03, 0x00, 0x00, 0x39,
    0x20, 0x00, 0x10, 0xCE, 0x00, 0x12, 0x40, 0x00, 0x3C, 0x39, 0x20, 0x00, 0x13, 0x00, 0x00, 0x01,
    0x80, 0x12, 0x40, 0x00, 0x3C, 0x39, 0x20, 0x00, 0x13, 0x00, 0x00, 0x2D, 0x80, 0x12, 0x40, 0x00,
    0x3C, 0x39, 0x20, 0x00, 0x13, 0x00, 0x00, 0x2E, 0x80, 0x12, 0x40, 0x00, 0x3C, 0x39, 0x20, 0x00,
    0x10, 0xC8, 0x00, 0x12, 0x40, 0x00, 0x28, 0xA6, 0x03, 0x00, 0x00, 0x39, 0x20, 0x00, 0x10, 0x5B,
    0x01, 0x12, 0x40, 0x00, 0x28, 0xA6, 0x03, 0x00, 0x00, 0x39, 0x20, 0x00, 0x10, 0xCA, 0x00, 0x12,
    0x40, 0x00, 0x28, 0xA6, 0x03, 0x00, 0x00, 0x02, 0x03, 0x39, 0x20, 0x00, 0x10, 0x32, 0x01, 0x12,
    0x40, 0x00, 0x28, 0xA6, 0x03, 0x00, 0x00, 0x39, 0x20, 0x00, 0x10, 0x35, 0x01, 0x12, 0x40, 0x00,
    0x2E, 0x05, 0x00, 0x03, 0x80, 0x03, 0x3C, 0x39, 0x20, 0x00, 0x10, 0x37, 0x01, 0x12, 0x40, 0x00,
    0x28, 0xA6, 0x03, 0x00, 0x00, 0x10, 0xC6, 0x00, 0x12, 0x40, 0x00, 0x3C, 0x35, 0x00, 0x00, 0x21,
    0x80, 0x00, 0x01, 0x10, 0x00, 0x0B, 0x01, 0x0C, 0x01, 0x10, 0xCF, 0x00, 0x12, 0x40, 0x00, 0x19,
    0x01, 0x00, 0x00, 0x00, 0x00, 0x00, 0x3C, 0x65, 0x01, 0x00, 0x00, 0x0F, 0x00, 0x10, 0x36, 0x01,
    0x12, 0x40, 0x00, 0x3C, 0x3A, 0x17, 0x3C, 0x3A, 0x16, 0x3C, 0x39, 0x20, 0x00, 0x10, 0x37, 0x01,
    0x12, 0x40, 0x00, 0x3C, 0x10, 0x64, 0x01, 0x12, 0x40, 0x00, 0x98, 0x0A, 0x3C, 0x10, 0x13, 0x01,
    0x12, 0x40, 0x00, 0x2E, 0x14, 0x00, 0x07, 0x80, 0x00, 0x49, 0x02, 0x10, 0x3D, 0x10, 0x14, 0x01,
    0x12, 0x40, 0x00, 0x63, 0x00, 0x29, 0x01, 0x05, 0x00, 0x03, 0x80, 0x04, 0x1F, 0x30, 0x00, 0x00,
    0x2E, 0x00, 0x00, 0x03, 0x80, 0x00, 0x76, 0x01, 0x18, 0x2E, 0x05, 0x00, 0x03, 0x80, 0x04, 0x13,
    0x00, 0x00, 0x23, 0x80, 0x12, 0x40, 0x00, 0x2E, 0x14, 0x00, 0x07, 0x80, 0x00, 0x49, 0x02, 0x10,
    0x3D, 0x10, 0x15, 0x01, 0x12, 0x40, 0x00, 0x2E, 0x03, 0x00, 0x03, 0x80, 0x41, 0x16, 0x2E, 0x14,
    0x00, 0x07, 0x80, 0x00, 0x49, 0x02, 0x10, 0x3D, 0x10, 0x17, 0x01, 0x12, 0x40, 0x00, 0x28, 0x2C,
    0x2C, 0x00, 0x00, 0x45, 0x00, 0x02, 0x00, 0x00, 0x00, 0x00, 0x10, 0x81, 0x00, 0x3C, 0x41, 0x64,
    0x30, 0x00, 0x00, 0x3E, 0x45, 0x0A, 0x07, 0x00, 0x00, 0x00, 0x00, 0x10, 0x23, 0x01, 0x12, 0x40,
    0x00, 0x98, 0x0A, 0x6A, 0x0A, 0x3C, 0x41, 0x7C, 0x30, 0x00, 0x00, 0x3E, 0x45, 0x0A, 0x07, 0x00,
    0x00, 0x00, 0x00, 0x10, 0x24, 0x01, 0x12, 0x40, 0x00, 0x98, 0x0A, 0x6A, 0x0A, 0x3C, 0x41, 0x94,
    0x30, 0x00, 0x00, 0x3E, 0x45, 0x0A, 0x07, 0x00, 0x00, 0x00, 0x00, 0x10, 0x25, 0x01, 0x12, 0x40,
    0x00, 0x98, 0x0A, 0x6A, 0x0A, 0x3C, 0x41, 0xAC, 0x30, 0x00, 0x00, 0x3E, 0x45, 0x0A, 0x07, 0x00,
    0x00, 0x00, 0x00, 0x10, 0x26, 0x01, 0x12, 0x40, 0x00, 0x98, 0x0A, 0x6A, 0x0A, 0x3C, 0x41, 0xC4,
    0x30, 0x00, 0x00, 0x3E, 0x45, 0x0A, 0x07, 0x00, 0x00, 0x00, 0x00, 0x10, 0x27, 0x01, 0x12, 0x40,
    0x00, 0x98, 0x0A, 0x6A, 0x0A, 0x3C, 0x41, 0xDC, 0x30, 0x00, 0x00, 0x3E, 0x45, 0x0A, 0x07, 0x00,
    0x00, 0x00, 0x00, 0x10, 0x28, 0x01, 0x12, 0x40, 0x00, 0x6A, 0x0A, 0x3C, 0x41, 0xF2, 0x30, 0x00,
    0x00, 0x3E, 0x45, 0x0A, 0x07, 0x00, 0x00, 0x00, 0x00, 0x13, 0x00, 0x00, 0x10, 0x80, 0x12, 0x40,
    0x00, 0x98, 0x0A, 0x6A, 0x0A, 0x3C, 0x41, 0x0C, 0x31, 0x00, 0x00, 0x3E, 0x45, 0x0A, 0x07, 0x00,
    0x00, 0x00, 0x00, 0x10, 0x2C, 0x01, 0x12, 0x40, 0x00, 0x6A, 0x0A, 0x3C, 0x45, 0x01, 0x07, 0x00,
    0x00, 0x00, 0x00, 0x10, 0x2A, 0x01, 0x12, 0x40, 0x00, 0x35, 0x00, 0x00, 0x21, 0x80, 0x00, 0x01,
    0x00, 0x00, 0x0B, 0x01, 0x0C, 0x01, 0x6A, 0x01, 0x3E, 0x45, 0x01, 0x07, 0x00, 0x00, 0x00, 0x00,
    0x10, 0x2B, 0x01, 0x12, 0x40, 0x00, 0x6A, 0x01, 0x3E, 0x41, 0x4F, 0x31, 0x00, 0x00, 0x3E, 0x45,
    0x01, 0x07, 0x00, 0x00, 0x00, 0x00, 0x10, 0x2D, 0x01, 0x12, 0x40, 0x00, 0x35, 0x00, 0x00, 0x21,
    0x80, 0x00, 0x01, 0x00, 0x00, 0x0B, 0x01, 0x0C, 0x01, 0x3C, 0x11, 0x2E, 0x01, 0x44, 0x45, 0x00,
    0x09, 0x00, 0x00, 0x00, 0x00, 0x10, 0x2F, 0x01, 0x12, 0x40, 0x00, 0x3C, 0x45, 0x01, 0x07, 0x00,
    0x00, 0x00, 0x00, 0x10, 0x2A, 0x01, 0x12, 0x40, 0x00, 0x35, 0x00, 0x00, 0x21, 0x80, 0x00, 0x01,
    0x00, 0x00, 0x0B, 0x01, 0x0C, 0x01, 0x10, 0x44, 0x01, 0x12, 0x40, 0x00, 0x2E, 0x03, 0x00, 0x03,
    0x80, 0x47, 0x16, 0x6A, 0x01, 0x3E, 0x45, 0x01, 0x07, 0x00, 0x00, 0x00, 0x00, 0x89, 0x41, 0xB3,
    0x31, 0x00, 0x00, 0x2E, 0x05, 0x00, 0x03, 0x80, 0x04, 0x41, 0x2C, 0x06, 0x00, 0x00, 0x6A, 0x01,
    0x3E, 0x45, 0x01, 0x07, 0x00, 0x00, 0x00, 0x00, 0x10, 0x46, 0x01, 0x12, 0x40, 0x00, 0x6A, 0x01,
    0x3E, 0x11, 0x43, 0x01, 0x44, 0x10, 0x30, 0x01, 0x3C, 0x2E, 0x01, 0x00, 0x03, 0x80, 0x00, 0x76,
    0x01, 0x08, 0x29, 0x01, 0x00, 0x00, 0x03, 0x80, 0x01, 0xF5, 0x31, 0x00, 0x00, 0x13, 0x00, 0x00,
    0x06, 0x80, 0x12, 0x40, 0x00, 0x2F, 0x01, 0x00, 0x03, 0x80, 0x01, 0x2D, 0x01, 0x00, 0x03, 0x80,
    0x00, 0x00, 0x0F, 0x80, 0x01, 0xDF, 0x31, 0x00, 0x00, 0x2E, 0x00, 0x00, 0x03, 0x80, 0x00, 0x2E,
    0x01, 0x00, 0x03, 0x80, 0x00, 0x3E, 0x76, 0x01, 0x12, 0x76, 0x01, 0x15, 0x54, 0x09, 0x01, 0x39,
    0x08, 0x00, 0x54, 0x09, 0x01, 0x76, 0x01, 0x0E, 0x76, 0x08, 0x10, 0x76, 0x08, 0x11, 0x39, 0x40,
    0x00, 0x76, 0x01, 0x0F, 0x76, 0x01, 0x16, 0x3E, 0x54, 0x49, 0x00, 0x76, 0x01, 0x0E, 0x76, 0x00,
    0x10, 0x76, 0x00, 0x11, 0x39, 0x40, 0x00, 0x76, 0x01, 0x0F, 0x3E, 0x6F, 0x0B, 0x3A, 0x6F, 0x0C,
    0x3A, 0x76, 0x01, 0x15, 0x54, 0x09, 0x01, 0x39, 0x08, 0x00, 0x54, 0x09, 0x01, 0x39, 0x40, 0x00,
    0x76, 0x01, 0x0E, 0x76, 0x01, 0x10, 0x76, 0x01, 0x11, 0x39, 0x40, 0x00, 0x2E, 0x00, 0x00, 0x03,
    0x80, 0x00, 0x76, 0x01, 0x09, 0x39, 0x40, 0x00, 0x76, 0x01, 0x09, 0x76, 0x02, 0x10, 0x76, 0x02,
    0x11, 0x76, 0x01, 0x09, 0x76, 0x03, 0x10, 0x76, 0x03, 0x11, 0x76, 0x01, 0x09, 0x76, 0x04, 0x10,
    0x76, 0x04, 0x11, 0x76, 0x01, 0x09, 0x29, 0x00, 0x01, 0x00, 0x03, 0x80, 0x03, 0xCB, 0x32, 0x00,
    0x00, 0x29, 0x00, 0x01, 0x00, 0x03, 0x80, 0x04, 0xEA, 0x32, 0x00, 0x00, 0x76, 0x05, 0x10, 0x76,
    0x05, 0x11, 0x76, 0x01, 0x09, 0x76, 0x01, 0x0F, 0x10, 0x72, 0x01, 0x12, 0x40, 0x00, 0x56, 0x0C,
    0x76, 0x01, 0x12, 0x1A, 0x0C, 0x1B, 0x0C, 0x76, 0x01, 0x0A, 0x3E, 0x76, 0x06, 0x10, 0x76, 0x06,
    0x11, 0x76, 0x01, 0x09, 0x76, 0x01, 0x0F, 0x10, 0x73, 0x01, 0x12, 0x40, 0x00, 0x56, 0x0B, 0x76,
    0x01, 0x12, 0x1A, 0x0B, 0x1B, 0x0B, 0x76, 0x01, 0x0B, 0x3E, 0x76, 0x07, 0x10, 0x76, 0x07, 0x11,
    0x76, 0x01, 0x09, 0x76, 0x01, 0x0F, 0x10, 0x74, 0x01, 0x12, 0x40, 0x00, 0x56, 0x0B, 0x76, 0x01,
    0x12, 0x1A, 0x0B, 0x1B, 0x0B, 0x56, 0x0C, 0x76, 0x01, 0x12, 0x1A, 0x0C, 0x1B, 0x0C, 0x76, 0x01,
    0x0C, 0x3E, 0x11, 0x75, 0x01, 0x76, 0x01, 0x0D, 0x44, 0x10, 0x76, 0x01, 0x12, 0x40, 0x00, 0x3E,
    0x10, 0x76, 0x01, 0x12, 0x40, 0x00, 0x57, 0x12, 0x40, 0x00, 0x3E, 0x8B, 0x33, 0x00, 0x00, 0x8B,
    0x33, 0x00, 0x00, 0x8B, 0x33, 0x00, 0x00, 0x8B, 0x33, 0x00, 0x00, 0x8B, 0x33, 0x00, 0x00, 0xA1,
    0x33, 0x00, 0x00, 0x8B, 0x33, 0x00, 0x00, 0x8B, 0x33, 0x00, 0x00, 0x8B, 0x33, 0x00, 0x00, 0x8B,
    0x33, 0x00, 0x00, 0x8B, 0x33, 0x00, 0x00, 0x8B, 0x33, 0x00, 0x00, 0x8B, 0x33, 0x00, 0x00, 0x35,
    0x34, 0x00, 0x00, 0x3F, 0x34, 0x00, 0x00, 0x3F, 0x34, 0x00, 0x00, 0x6E, 0x34, 0x00, 0x00, 0x92,
    0x34, 0x00, 0x00, 0xB4, 0x34, 0x00, 0x00, 0xD6, 0x34, 0x00, 0x00, 0xE0, 0x34, 0x00, 0x00, 0xE7,
    0x34, 0x00, 0x00, 0xF0, 0x34, 0x00, 0x00, 0x06, 0x35, 0x00, 0x00, 0x2B, 0x04, 0x00, 0x00, 0x09,
    0x80, 0x00, 0x02, 0x00, 0x00, 0x9D, 0x33, 0x00, 0x00, 0x10, 0x01, 0x01, 0xEF, 0x10, 0x02, 0x01,
    0xEF, 0x10, 0x01, 0x01, 0x98, 0x01, 0xEF, 0x2A, 0x00, 0x00, 0x00, 0x26, 0x80, 0x05, 0x00, 0xB5,
    0x33, 0x00, 0x00, 0x60, 0x0B, 0x10, 0x0B, 0x01, 0xF1, 0xC8, 0x33, 0x00, 0x00, 0x10, 0x0F, 0x01,
    0x3A, 0x2E, 0x00, 0x00, 0x03, 0x80, 0x00, 0xF2, 0x10, 0x0D, 0x01, 0x3A, 0x2E, 0x00, 0x00, 0x03,
    0x80, 0x00, 0xF3, 0xE5, 0x33, 0x00, 0x00, 0xF0, 0x13, 0x00, 0x00, 0x11, 0x80, 0x12, 0x40, 0x00,
    0x28, 0xE6, 0x33, 0x00, 0x00, 0xF0, 0x2E, 0x00, 0x00, 0x05, 0x80, 0x07, 0xF7, 0x10, 0x0C, 0x01,
    0x2E, 0x00, 0x00, 0x05, 0x80, 0x07, 0xF7, 0x13, 0x00, 0x00, 0x02, 0x80, 0x12, 0x40, 0x00, 0x2B,
    0x05, 0x00, 0x00, 0x09, 0x80, 0x80, 0x00, 0x00, 0x00, 0x24, 0x34, 0x00, 0x00, 0x29, 0x01, 0x00,
    0x00, 0x2C, 0x80, 0x00, 0x24, 0x34, 0x00, 0x00, 0x10, 0x22, 0x01, 0x12, 0x40, 0x00, 0x2E, 0x00,
    0x00, 0x05, 0x80, 0x08, 0xF6, 0x12, 0x40, 0x00, 0x10, 0x03, 0x01, 0x12, 0x40, 0x00, 0x10, 0x04,
    0x01, 0x12, 0x40, 0x00, 0xF6, 0x2E, 0x14, 0x00, 0x07, 0x80, 0x0F, 0x49, 0x01, 0x00, 0x3D, 0x10,
    0x30, 0x01, 0x39, 0x30, 0x00, 0x54, 0x01, 0x00, 0x10, 0x57, 0x01, 0x12, 0x40, 0x00, 0x75, 0x35,
    0x00, 0x00, 0x21, 0x80, 0x00, 0x01, 0x00, 0x00, 0x0B, 0x01, 0x0C, 0x01, 0x10, 0x2A, 0x01, 0x12,
    0x40, 0x00, 0x98, 0x01, 0x2E, 0x14, 0x00, 0x07, 0x80, 0x0F, 0x49, 0x01, 0x00, 0xF6, 0x10, 0x30,
    0x01, 0x39, 0x30, 0x00, 0x54, 0x01, 0x00, 0x10, 0x57, 0x01, 0x12, 0x40, 0x00, 0x75, 0x13, 0x00,
    0x00, 0x40, 0x80, 0x12, 0x40, 0x00, 0x98, 0x01, 0x2E, 0x14, 0x00, 0x07, 0x80, 0x0F, 0x49, 0x01,
    0x00, 0xF6, 0x10, 0x30, 0x01, 0x39, 0x30, 0x00, 0x54, 0x01, 0x00, 0x10, 0x57, 0x01, 0x12, 0x40,
    0x00, 0x75, 0x13, 0x00, 0x00, 0x3B, 0x80, 0x12, 0x40, 0x00, 0x2E, 0x14, 0x00, 0x07, 0x80, 0x0F,
    0x49, 0x01, 0x00, 0xF6, 0x10, 0x30, 0x01, 0x39, 0x30, 0x00, 0x54, 0x01, 0x00, 0x10, 0x57, 0x01,
    0x12, 0x40, 0x00, 0x75, 0x13, 0x00, 0x00, 0x28, 0x80, 0x12, 0x40, 0x00, 0x2E, 0x14, 0x00, 0x07,
    0x80, 0x0F, 0x49, 0x01, 0x00, 0xF6, 0x54, 0x11, 0x00, 0x2E, 0x00, 0x00, 0x05, 0x80, 0x04, 0xF7,
    0x10, 0x1D, 0x01, 0x12, 0x40, 0x00, 0x3E, 0x13, 0x00, 0x00, 0x34, 0x80, 0x12, 0x40, 0x00, 0x3E,
    0x10, 0x21, 0x01, 0x12, 0x40, 0x00, 0x45, 0x01, 0x04, 0x00, 0x00, 0x00, 0x00, 0x13, 0x00, 0x00,
    0x35, 0x80, 0x12, 0x40, 0x00, 0x3E, 0x10, 0x02, 0x00, 0x12, 0x40, 0x00, 0x4B, 0x3A, 0x53, 0x00,
    0x3A, 0x10, 0x4D, 0x01, 0x12, 0x40, 0x00, 0x3E, 0x98, 0x35, 0x00, 0x00, 0x5F, 0x54, 0x00, 0x00,
    0xD0, 0x3D, 0x00, 0x00, 0x91, 0x54, 0x00, 0x00, 0xFD, 0x54, 0x00, 0x00, 0xE8, 0x54, 0x00, 0x00,
    0x29, 0x55, 0x00, 0x00, 0xD4, 0x55, 0x00, 0x00, 0xB3, 0x57, 0x00, 0x00, 0x0D, 0x59, 0x00, 0x00,
    0x6E, 0x59, 0x00, 0x00, 0x6E, 0x59, 0x00, 0x00, 0x6E, 0x59, 0x00, 0x00, 0x6E, 0x59, 0x00, 0x00,
    0x6E, 0x59, 0x00, 0x00, 0x6E, 0x59, 0x00, 0x00, 0x6E, 0x59, 0x00, 0x00, 0x6E, 0x59, 0x00, 0x00,
    0x6E, 0x59, 0x00, 0x00, 0x6E, 0x59, 0x00, 0x00, 0x6E, 0x59, 0x00, 0x00, 0x6E, 0x59, 0x00, 0x00,
    0x6E, 0x59, 0x00, 0x00, 0x6E, 0x59, 0x00, 0x00, 0x6E, 0x59, 0x00, 0x00, 0x6E, 0x59, 0x00, 0x00,
    0x6E, 0x59, 0x00, 0x00, 0x6E, 0x59, 0x00, 0x00, 0x6E, 0x59, 0x00, 0x00, 0x29, 0x59, 0x00, 0x00,
    0x57, 0x59, 0x00, 0x00, 0x5E, 0x59, 0x00, 0x00, 0x5E, 0x6E, 0x59, 0x00, 0x00, 0x19, 0x5A, 0x00,
    0xB2, 0x35, 0x00, 0x00, 0x19, 0x20, 0x00, 0xB2, 0x35, 0x00, 0x00, 0x24, 0x13, 0x00, 0x1E, 0x36,
    0x00, 0x00, 0x31, 0x00, 0xB8, 0x3D, 0x00, 0x00, 0x2F, 0x00, 0x13, 0x0A, 0xDD, 0x35, 0x00, 0x00,
    0x13, 0x0B, 0xEA, 0x35, 0x00, 0x00, 0x13, 0x12, 0xF7, 0x35, 0x00, 0x00, 0x13, 0x19, 0x04, 0x36,
    0x00, 0x00, 0x13, 0x1A, 0x0F, 0x36, 0x00, 0x00, 0x59, 0x17, 0x36, 0x00, 0x00, 0x22, 0x04, 0x26,
    0x0D, 0xBB, 0x3D, 0x00, 0x00, 0x59, 0x17, 0x36, 0x00, 0x00, 0x22, 0x04, 0x26, 0x0B, 0xBB, 0x3D,
    0x00, 0x00, 0x59, 0x17, 0x36, 0x00, 0x00, 0x22, 0x04, 0x26, 0x0A, 0xBB, 0x3D, 0x00, 0x00, 0x59,
    0x17, 0x36, 0x00, 0x00, 0x31, 0x50, 0x17, 0x36, 0x00, 0x00, 0x59, 0xB8, 0x3D, 0x00, 0x00, 0x22,
    0x04, 0x26, 0x04, 0xB8, 0x3D, 0x00, 0x00, 0x24, 0x13, 0x00, 0x1E, 0x36, 0x00, 0x00, 0x2F, 0x00,
    0x14, 0x2B, 0x65, 0x36, 0x00, 0x00, 0x19, 0x2D, 0x00, 0xB8, 0x3D, 0x00, 0x00, 0x19, 0x2E, 0x00,
    0xB8, 0x3D, 0x00, 0x00, 0x19, 0x2F, 0x00, 0xB8, 0x3D, 0x00, 0x00, 0x19, 0x30, 0x00, 0xB8, 0x3D,
    0x00, 0x00, 0x19, 0x67, 0x00, 0xB8, 0x3D, 0x00, 0x00, 0x19, 0xAD, 0x00, 0xB8, 0x3D, 0x00, 0x00,
    0x19, 0xFD, 0x00, 0xB8, 0x3D, 0x00, 0x00, 0x19, 0x3F, 0x01, 0xB8, 0x3D, 0x00, 0x00, 0x19, 0x40,
    0x01, 0xB8, 0x3D, 0x00, 0x00, 0x37, 0x01, 0xF4, 0x38, 0x00, 0x00, 0x37, 0x07, 0x17, 0x39, 0x00,
    0x00, 0x37, 0x08, 0x50, 0x39, 0x00, 0x00, 0x37, 0x0A, 0x68, 0x39, 0x00, 0x00, 0x37, 0x0B, 0x71,
    0x39, 0x00, 0x00, 0x37, 0x0C, 0x7A, 0x39, 0x00, 0x00, 0x37, 0x0D, 0x83, 0x39, 0x00, 0x00, 0x37,
    0x0E, 0x8C, 0x39, 0x00, 0x00, 0x37, 0x0F, 0x95, 0x39, 0x00, 0x00, 0x37, 0x10, 0x9E, 0x39, 0x00,
    0x00, 0x37, 0x12, 0xA7, 0x39, 0x00, 0x00, 0x37, 0x13, 0xBC, 0x39, 0x00, 0x00, 0x37, 0x14, 0xC9,
    0x39, 0x00, 0x00, 0x37, 0x15, 0xDF, 0x39, 0x00, 0x00, 0x37, 0x16, 0xEC, 0x39, 0x00, 0x00, 0x37,
    0x17, 0xF9, 0x39, 0x00, 0x00, 0x37, 0x18, 0x0E, 0x3A, 0x00, 0x00, 0x37, 0x19, 0x25, 0x3A, 0x00,
    0x00, 0x37, 0x1A, 0x0D, 0x3B, 0x00, 0x00, 0x37, 0x1C, 0x9B, 0x3A, 0x00, 0x00, 0x37, 0x21, 0xAC,
    0x3A, 0x00, 0x00, 0x37, 0x23, 0xE5, 0x3A, 0x00, 0x00, 0x37, 0x26, 0xF0, 0x3A, 0x00, 0x00, 0x37,
    0x27, 0x0D, 0x3B, 0x00, 0x00, 0x37, 0x28, 0x0D, 0x3B, 0x00, 0x00, 0x37, 0x2E, 0x27, 0x3B, 0x00,
    0x00, 0x37, 0x2F, 0x32, 0x3B, 0x00, 0x00, 0x37, 0x31, 0x3D, 0x3B, 0x00, 0x00, 0x37, 0x32, 0x68,
    0x39, 0x00, 0x00, 0x37, 0x33, 0x71, 0x39, 0x00, 0x00, 0x37, 0x34, 0x7A, 0x39, 0x00, 0x00, 0x37,
    0x35, 0x83, 0x39, 0x00, 0x00, 0x37, 0x36, 0x8C, 0x39, 0x00, 0x00, 0x37, 0x37, 0x95, 0x39, 0x00,
    0x00, 0x37, 0x38, 0x9E, 0x39, 0x00, 0x00, 0x37, 0x3A, 0xA7, 0x39, 0x00, 0x00, 0x37, 0x3B, 0xBC,
    0x39, 0x00, 0x00, 0x37, 0x3C, 0xC9, 0x39, 0x00, 0x00, 0x37, 0x3D, 0xDF, 0x39, 0x00, 0x00, 0x37,
    0x3E, 0xEC, 0x39, 0x00, 0x00, 0x37, 0x3F, 0xF9, 0x39, 0x00, 0x00, 0x37, 0x40, 0x0E, 0x3A, 0x00,
    0x00, 0x37, 0x41, 0x5A, 0x3B, 0x00, 0x00, 0x37, 0x42, 0xAC, 0x3A, 0x00, 0x00, 0x37, 0x43, 0x65,
    0x3B, 0x00, 0x00, 0x37, 0x4F, 0x88, 0x3B, 0x00, 0x00, 0x37, 0x50, 0x0D, 0x3B, 0x00, 0x00, 0x37,
    0x54, 0x9A, 0x3B, 0x00, 0x00, 0x37, 0x56, 0xB5, 0x3B, 0x00, 0x00, 0x37, 0x57, 0x0D, 0x3B, 0x00,
    0x00, 0x37, 0x58, 0x0D, 0x3B, 0x00, 0x00, 0x37, 0x59, 0x0D, 0x3B, 0x00, 0x00, 0x37, 0x5A, 0xBD,
    0x3B, 0x00, 0x00, 0x37, 0x5C, 0xC5, 0x3B, 0x00, 0x00, 0x37, 0x61, 0xC5, 0x3B, 0x00, 0x00, 0x37,
    0x63, 0x0D, 0x3B, 0x00, 0x00, 0x37, 0x6A, 0xD0, 0x3B, 0x00, 0x00, 0x37, 0x6B, 0x3B, 0x39, 0x00,
    0x00, 0x37, 0x6C, 0x9E, 0x39, 0x00, 0x00, 0x37, 0x6D, 0xDB, 0x3B, 0x00, 0x00, 0x37, 0x70, 0xEC,
    0x3B, 0x00, 0x00, 0x37, 0x71, 0xF7, 0x3B, 0x00, 0x00, 0x37, 0x72, 0x02, 0x3C, 0x00, 0x00, 0x37,
    0x73, 0x0D, 0x3C, 0x00, 0x00, 0x37, 0x76, 0x3D, 0x3B, 0x00, 0x00, 0x37, 0x78, 0x15, 0x3C, 0x00,
    0x00, 0x37, 0x79, 0x0D, 0x3B, 0x00, 0x00, 0x37, 0x7A, 0x0D, 0x3B, 0x00, 0x00, 0x37, 0x7B, 0x0D,
    0x3B, 0x00, 0x00, 0x37, 0x7C, 0x55, 0x3C, 0x00, 0x00, 0x37, 0x7E, 0x05, 0x3B, 0x00, 0x00, 0x37,
    0x7F, 0x70, 0x3C, 0x00, 0x00, 0x37, 0x82, 0x0D, 0x3B, 0x00, 0x00, 0x37, 0x88, 0x79, 0x3C, 0x00,
    0x00, 0x37, 0x89, 0x81, 0x3C, 0x00, 0x00, 0x37, 0x8E, 0x61, 0x39, 0x00, 0x00, 0x37, 0x8F, 0x25,
    0x3A, 0x00, 0x00, 0x37, 0x90, 0x0D, 0x3B, 0x00, 0x00, 0x37, 0x91, 0x0D, 0x3B, 0x00, 0x00, 0x37,
    0x94, 0x89, 0x3C, 0x00, 0x00, 0x37, 0x99, 0xB8, 0x3D, 0x00, 0x00, 0x37, 0x9C, 0x71, 0x39, 0x00,
    0x00, 0x37, 0x9E, 0xA0, 0x3C, 0x00, 0x00, 0x37, 0xA0, 0xA9, 0x3C, 0x00, 0x00, 0x37, 0xA1, 0xB2,
    0x3C, 0x00, 0x00, 0x37, 0xA2, 0xB2, 0x3C, 0x00, 0x00, 0x37, 0xA4, 0xC1, 0x3C, 0x00, 0x00, 0x37,
    0xA5, 0xC9, 0x3C, 0x00, 0x00, 0x37, 0xA6, 0x3D, 0x3B, 0x00, 0x00, 0x37, 0xA7, 0xD4, 0x3C, 0x00,
    0x00, 0x37, 0xA8, 0x60, 0x3C, 0x00, 0x00, 0x37, 0xAA, 0x0D, 0x3B, 0x00, 0x00, 0x37, 0xB0, 0x03,
    0x3D, 0x00, 0x00, 0x37, 0xB1, 0x0B, 0x3D, 0x00, 0x00, 0x37, 0xB5, 0x14, 0x3D, 0x00, 0x00, 0x37,
    0xB6, 0x0D, 0x3B, 0x00, 0x00, 0x37, 0xB8, 0x1F, 0x3D, 0x00, 0x00, 0x37, 0xBC, 0x0B, 0x3D, 0x00,
    0x00, 0x37, 0xBD, 0x0D, 0x3B, 0x00, 0x00, 0x37, 0xC0, 0x28, 0x3D, 0x00, 0x00, 0x37, 0xC1, 0x33,
    0x3D, 0x00, 0x00, 0x37, 0xC4, 0x0D, 0x3B, 0x00, 0x00, 0x37, 0xC9, 0x3E, 0x3D, 0x00, 0x00, 0x37,
    0xCD, 0x49, 0x3D, 0x00, 0x00, 0x37, 0xCE, 0x5A, 0x3D, 0x00, 0x00, 0x37, 0xD0, 0x6B, 0x3D, 0x00,
    0x00, 0x37, 0xD2, 0x7C, 0x3D, 0x00, 0x00, 0x37, 0xD3, 0x87, 0x3D, 0x00, 0x00, 0x37, 0xD4, 0x98,
    0x3D, 0x00, 0x00, 0x5A, 0x2F, 0x00, 0x13, 0x0F, 0xB8, 0x3D, 0x00, 0x00, 0x13, 0x48, 0xB8, 0x3D,
    0x00, 0x00, 0x09, 0x00, 0xFF, 0x00, 0x00, 0x00, 0xB8, 0x3D, 0x00, 0x00, 0x0F, 0x00, 0x20, 0x00,
    0x00, 0x00, 0xB8, 0x3D, 0x00, 0x00, 0x5A, 0x31, 0x00, 0xB8, 0x3D, 0x00, 0x00, 0x2F, 0x00, 0x13,
    0x06, 0xB8, 0x3D, 0x00, 0x00, 0x2C, 0x01, 0x14, 0x00, 0x3A, 0x39, 0x00, 0x00, 0x2C, 0x00, 0x14,
    0x00, 0xB8, 0x3D, 0x00, 0x00, 0x59, 0xA9, 0x3D, 0x00, 0x00, 0x5A, 0x0B, 0x00, 0x00, 0x00, 0x00,
    0x08, 0xB8, 0x3D, 0x00, 0x00, 0x0A, 0x00, 0x07, 0x00, 0x00, 0x00, 0xB5, 0x3D, 0x00, 0x00, 0x5A,
    0x0A, 0x00, 0x07, 0x00, 0x00, 0x00, 0xB5, 0x3D, 0x00, 0x00, 0x31, 0x00, 0xB8, 0x3D, 0x00, 0x00,
    0x5A, 0x05, 0x01, 0x33, 0xB8, 0x3D, 0x00, 0x00, 0x3B, 0x01, 0x01, 0x0C, 0xB8, 0x3D, 0x00, 0x00,
    0x5A, 0x3B, 0x01, 0x02, 0x0C, 0xB8, 0x3D, 0x00, 0x00, 0x5A, 0x3B, 0x01, 0x03, 0x0C, 0xB8, 0x3D,
    0x00, 0x00, 0x5A, 0x3B, 0x01, 0x04, 0x0C, 0xB8, 0x3D, 0x00, 0x00, 0x5A, 0x3B, 0x01, 0x05, 0x0C,
    0xB8, 0x3D, 0x00, 0x00, 0x5A, 0x3B, 0x01, 0x06, 0x0C, 0xB8, 0x3D, 0x00, 0x00, 0x5A, 0x3B, 0x01,
    0x07, 0x0C, 0xB8, 0x3D, 0x00, 0x00, 0x5A, 0x3B, 0x00, 0x01, 0x00, 0xB8, 0x3D, 0x00, 0x00, 0x2F,
    0x00, 0x13, 0x34, 0xB8, 0x3D, 0x00, 0x00, 0x59, 0x16, 0x3A, 0x00, 0x00, 0x3B, 0x00, 0x02, 0x00,
    0xB8, 0x3D, 0x00, 0x00, 0x59, 0x16, 0x3A, 0x00, 0x00, 0x3B, 0x00, 0x03, 0x00, 0xB8, 0x3D, 0x00,
    0x00, 0x60, 0x00, 0x03, 0x13, 0x01, 0xB8, 0x3D, 0x00, 0x00, 0x59, 0x16, 0x3A, 0x00, 0x00, 0x3B,
    0x00, 0x04, 0x00, 0xB8, 0x3D, 0x00, 0x00, 0x59, 0x16, 0x3A, 0x00, 0x00, 0x3B, 0x00, 0x05, 0x00,
    0xB8, 0x3D, 0x00, 0x00, 0x59, 0x16, 0x3A, 0x00, 0x00, 0x3B, 0x00, 0x06, 0x00, 0xB8, 0x3D, 0x00,
    0x00, 0x2F, 0x00, 0x13, 0x33, 0xB8, 0x3D, 0x00, 0x00, 0x59, 0x16, 0x3A, 0x00, 0x00, 0x3B, 0x00,
    0x07, 0x00, 0xB8, 0x3D, 0x00, 0x00, 0x2F, 0x00, 0x13, 0x1D, 0xB8, 0x3D, 0x00, 0x00, 0x13, 0x49,
    0xB8, 0x3D, 0x00, 0x00, 0x5A, 0x39, 0x01, 0x01, 0x06, 0x9A, 0x3A, 0x00, 0x00, 0x39, 0x01, 0x02,
    0x06, 0x9A, 0x3A, 0x00, 0x00, 0x39, 0x01, 0x03, 0x06, 0x9A, 0x3A, 0x00, 0x00, 0x39, 0x01, 0x04,
    0x06, 0x9A, 0x3A, 0x00, 0x00, 0x39, 0x01, 0x05, 0x06, 0x9A, 0x3A, 0x00, 0x00, 0x39, 0x01, 0x06,
    0x06, 0x9A, 0x3A, 0x00, 0x00, 0x39, 0x01, 0x07, 0x06, 0x9A, 0x3A, 0x00, 0x00, 0x3A, 0x00, 0x01,
    0x06, 0x9A, 0x3A, 0x00, 0x00, 0x3A, 0x00, 0x02, 0x06, 0x9A, 0x3A, 0x00, 0x00, 0x3A, 0x00, 0x03,
    0x06, 0x9A, 0x3A, 0x00, 0x00, 0x3A, 0x00, 0x04, 0x06, 0x9A, 0x3A, 0x00, 0x00, 0x3A, 0x00, 0x05,
    0x06, 0x9A, 0x3A, 0x00, 0x00, 0x3A, 0x00, 0x06, 0x06, 0x9A, 0x3A, 0x00, 0x00, 0x3A, 0x00, 0x07,
    0x06, 0x9A, 0x3A, 0x00, 0x00, 0x59, 0xB8, 0x3D, 0x00, 0x00, 0x5A, 0x2C, 0x00, 0x13, 0x00, 0xB8,
    0x3D, 0x00, 0x00, 0x2F, 0x00, 0x13, 0x15, 0xB8, 0x3D, 0x00, 0x00, 0x5A, 0x22, 0x00, 0x13, 0x08,
    0xB8, 0x3D, 0x00, 0x00, 0x13, 0x03, 0xB8, 0x3D, 0x00, 0x00, 0x22, 0x02, 0x13, 0x08, 0xB8, 0x3D,
    0x00, 0x00, 0x13, 0x03, 0xB8, 0x3D, 0x00, 0x00, 0x2F, 0x00, 0x13, 0x11, 0xB8, 0x3D, 0x00, 0x00,
    0x09, 0x00, 0xFF, 0x00, 0x00, 0x00, 0xB8, 0x3D, 0x00, 0x00, 0x0F, 0x00, 0x20, 0x00, 0x00, 0x00,
    0xB8, 0x3D, 0x00, 0x00, 0x5A, 0x0F, 0x01, 0x02, 0x00, 0x00, 0x00, 0xB5, 0x3D, 0x00, 0x00, 0x5A,
    0x31, 0x00, 0xB8, 0x3D, 0x00, 0x00, 0x2F, 0x00, 0x13, 0x05, 0xB8, 0x3D, 0x00, 0x00, 0x5B, 0x01,
    0xB8, 0x3D, 0x00, 0x00, 0x5A, 0x2F, 0x00, 0x13, 0x1A, 0xB8, 0x3D, 0x00, 0x00, 0x31, 0x00, 0xB8,
    0x3D, 0x00, 0x00, 0x2F, 0x00, 0x14, 0x19, 0x26, 0x3B, 0x00, 0x00, 0x31, 0x50, 0x26, 0x3B, 0x00,
    0x00, 0x59, 0xB8, 0x3D, 0x00, 0x00, 0x5A, 0x0F, 0x01, 0x00, 0x01, 0x00, 0x00, 0xB5, 0x3D, 0x00,
    0x00, 0x5A, 0x0B, 0x01, 0x00, 0x00, 0x10, 0x00, 0xB8, 0x3D, 0x00, 0x00, 0x5A, 0x0B, 0x00, 0x07,
    0x00, 0x00, 0x00, 0xB2, 0x3D, 0x00, 0x00, 0x2F, 0x00, 0x13, 0x14, 0xB8, 0x3D, 0x00, 0x00, 0x0F,
    0x00, 0x20, 0x00, 0x00, 0x00, 0xB8, 0x3D, 0x00, 0x00, 0x5A, 0x0F, 0x01, 0x01, 0x00, 0x00, 0x00,
    0xB5, 0x3D, 0x00, 0x00, 0x5A, 0x31, 0x00, 0xB8, 0x3D, 0x00, 0x00, 0x2F, 0x00, 0x13, 0x07, 0xB8,
    0x3D, 0x00, 0x00, 0x09, 0x00, 0xFF, 0x00, 0x00, 0x00, 0xB8, 0x3D, 0x00, 0x00, 0x0F, 0x00, 0x20,
    0x00, 0x00, 0x00, 0xB8, 0x3D, 0x00, 0x00, 0x5A, 0x0B, 0x01, 0x00, 0x00, 0x00, 0x01, 0xB5, 0x3D,
    0x00, 0x00, 0x05, 0x01, 0x1A, 0xB8, 0x3D, 0x00, 0x00, 0x5A, 0x0D, 0x00, 0x04, 0x00, 0x00, 0x00,
    0xB8, 0x3D, 0x00, 0x00, 0x22, 0x00, 0x13, 0x0C, 0xB8, 0x3D, 0x00, 0x00, 0x22, 0x02, 0x13, 0x0C,
    0xB8, 0x3D, 0x00, 0x00, 0x5A, 0x43, 0x00, 0x00, 0xB5, 0x3D, 0x00, 0x00, 0x5A, 0x43, 0x00, 0x01,
    0xB5, 0x3D, 0x00, 0x00, 0x5A, 0x0A, 0x01, 0x07, 0x00, 0x00, 0x00, 0xB5, 0x3D, 0x00, 0x00, 0x5A,
    0x0B, 0x00, 0x00, 0x00, 0x00, 0x04, 0xB8, 0x3D, 0x00, 0x00, 0x5A, 0x3B, 0x01, 0x01, 0x0C, 0xB8,
    0x3D, 0x00, 0x00, 0x3B, 0x01, 0x02, 0x0C, 0xB5, 0x3D, 0x00, 0x00, 0x5A, 0x0F, 0x00, 0x10, 0x00,
    0x00, 0x00, 0xB8, 0x3D, 0x00, 0x00, 0x5A, 0x0B, 0x00, 0x00, 0x00, 0x00, 0x20, 0xB8, 0x3D, 0x00,
    0x00, 0x5A, 0x0D, 0x00, 0x20, 0x00, 0x00, 0x00, 0xB8, 0x3D, 0x00, 0x00, 0x5A, 0x36, 0x13, 0x02,
    0xB5, 0x3D, 0x00, 0x00, 0x5A, 0x0B, 0x00, 0x00, 0x00, 0x0F, 0x00, 0xB8, 0x3D, 0x00, 0x00, 0x2F,
    0x00, 0x13, 0x0C, 0xB8, 0x3D, 0x00, 0x00, 0x49, 0x01, 0x13, 0x00, 0x3A, 0x3C, 0x00, 0x00, 0x13,
    0xFE, 0x47, 0x3C, 0x00, 0x00, 0x59, 0xB8, 0x3D, 0x00, 0x00, 0x49, 0x00, 0x13, 0xFE, 0x54, 0x3C,
    0x00, 0x00, 0x59, 0xB8, 0x3D, 0x00, 0x00, 0x49, 0x00, 0x13, 0x00, 0x54, 0x3C, 0x00, 0x00, 0x59,
    0xB8, 0x3D, 0x00, 0x00, 0x5A, 0x0F, 0x01, 0x20, 0x00, 0x00, 0x00, 0xB5, 0x3D, 0x00, 0x00, 0x5A,
    0x3B, 0x00, 0x01, 0x00, 0xB8, 0x3D, 0x00, 0x00, 0x3B, 0x00, 0x04, 0x00, 0xB5, 0x3D, 0x00, 0x00,
    0x2C, 0x01, 0x13, 0x00, 0xB8, 0x3D, 0x00, 0x00, 0x5A, 0x36, 0x13, 0x01, 0xB5, 0x3D, 0x00, 0x00,
    0x5A, 0x36, 0x13, 0x00, 0xB5, 0x3D, 0x00, 0x00, 0x5A, 0x0F, 0x00, 0x40, 0x00, 0x00, 0x00, 0xBB,
    0x3D, 0x00, 0x00, 0x0F, 0x01, 0x40, 0x00, 0x00, 0x00, 0xBB, 0x3D, 0x00, 0x00, 0x04, 0x05, 0x5A,
    0x4A, 0x01, 0x13, 0x00, 0xB8, 0x3D, 0x00, 0x00, 0x5A, 0x4B, 0x01, 0x13, 0x03, 0xB8, 0x3D, 0x00,
    0x00, 0x5A, 0x31, 0x00, 0xB8, 0x3D, 0x00, 0x00, 0x4B, 0x01, 0x13, 0x00, 0xB8, 0x3D, 0x00, 0x00,
    0x5A, 0x36, 0x13, 0x03, 0xB5, 0x3D, 0x00, 0x00, 0x5A, 0x0B, 0x00, 0x00, 0x00, 0x00, 0x80, 0xB8,
    0x3D, 0x00, 0x00, 0x5A, 0x2F, 0x00, 0x13, 0x29, 0xB8, 0x3D, 0x00, 0x00, 0x09, 0x00, 0xFF, 0x00,
    0x00, 0x00, 0xB8, 0x3D, 0x00, 0x00, 0x31, 0x00, 0xB8, 0x3D, 0x00, 0x00, 0x31, 0x14, 0xB8, 0x3D,
    0x00, 0x00, 0x31, 0x0A, 0xB8, 0x3D, 0x00, 0x00, 0x0F, 0x00, 0x20, 0x00, 0x00, 0x00, 0xB8, 0x3D,
    0x00, 0x00, 0x5A, 0x4C, 0x13, 0x00, 0xB8, 0x3D, 0x00, 0x00, 0x5A, 0x2F, 0x00, 0x13, 0x3C, 0xB8,
    0x3D, 0x00, 0x00, 0x5A, 0x0D, 0x01, 0x00, 0x04, 0x00, 0x00, 0xB8, 0x3D, 0x00, 0x00, 0x5A, 0x4D,
    0x01, 0x13, 0x00, 0xB8, 0x3D, 0x00, 0x00, 0x5A, 0x0D, 0x01, 0x00, 0x20, 0x00, 0x00, 0xB8, 0x3D,
    0x00, 0x00, 0x5A, 0x0A, 0x01, 0xD8, 0x00, 0x00, 0x00, 0xB8, 0x3D, 0x00, 0x00, 0x5A, 0x0D, 0x01,
    0x00, 0x00, 0x01, 0x00, 0xB8, 0x3D, 0x00, 0x00, 0x5A, 0x3B, 0x00, 0x01, 0x00, 0xB8, 0x3D, 0x00,
    0x00, 0x3B, 0x00, 0x02, 0x00, 0xB5, 0x3D, 0x00, 0x00, 0x5A, 0x3B, 0x01, 0x02, 0x0C, 0xB8, 0x3D,
    0x00, 0x00, 0x3B, 0x01, 0x05, 0x0C, 0xB5, 0x3D, 0x00, 0x00, 0x5A, 0x3B, 0x01, 0x01, 0x0C, 0xB8,
    0x3D, 0x00, 0x00, 0x3B, 0x01, 0x02, 0x0C, 0xB5, 0x3D, 0x00, 0x00, 0x5A, 0x0D, 0x01, 0x00, 0x00,
    0x02, 0x00, 0xB8, 0x3D, 0x00, 0x00, 0x5A, 0x3B, 0x01, 0x04, 0x0C, 0xB8, 0x3D, 0x00, 0x00, 0x3B,
    0x01, 0x05, 0x0C, 0xB5, 0x3D, 0x00, 0x00, 0x5A, 0x3B, 0x01, 0x01, 0x0C, 0xB8, 0x3D, 0x00, 0x00,
    0x3B, 0x01, 0x03, 0x0C, 0xB5, 0x3D, 0x00, 0x00, 0x5A, 0x04, 0xFF, 0x5A, 0x04, 0xFE, 0x5A, 0x04,
    0xFD, 0x5A, 0x04, 0xFB, 0x5A, 0x04, 0xF8, 0x5A, 0x04, 0xF6, 0x5A, 0x04, 0xF4, 0x5A, 0x04, 0xE2,
    0x5A, 0x04, 0x01, 0x5A, 0x04, 0x02, 0x5A, 0x04, 0x03, 0x5A, 0x04, 0x05, 0x5A, 0x04, 0x0A, 0x5A,
    0x5E, 0x6E, 0x59, 0x00, 0x00, 0x37, 0x01, 0xB2, 0x40, 0x00, 0x00, 0x37, 0x03, 0xCE, 0x40, 0x00,
    0x00, 0x37, 0x07, 0xE8, 0x40, 0x00, 0x00, 0x37, 0x08, 0x46, 0x41, 0x00, 0x00, 0x37, 0x09, 0x5A,
    0x41, 0x00, 0x00, 0x37, 0x0A, 0xDC, 0x41, 0x00, 0x00, 0x37, 0x0B, 0x17, 0x42, 0x00, 0x00, 0x37,
    0x0C, 0x7D, 0x42, 0x00, 0x00, 0x37, 0x0D, 0x93, 0x42, 0x00, 0x00, 0x37, 0x0E, 0xCE, 0x42, 0x00,
    0x00, 0x37, 0x0F, 0x34, 0x43, 0x00, 0x00, 0x37, 0x10, 0x4E, 0x43, 0x00, 0x00, 0x37, 0x11, 0xE8,
    0x43, 0x00, 0x00, 0x37, 0x12, 0x18, 0x44, 0x00, 0x00, 0x37, 0x13, 0x6A, 0x44, 0x00, 0x00, 0x37,
    0x14, 0xA1, 0x44, 0x00, 0x00, 0x37, 0x15, 0xB7, 0x44, 0x00, 0x00, 0x37, 0x16, 0x0B, 0x45, 0x00,
    0x00, 0x37, 0x17, 0x2C, 0x45, 0x00, 0x00, 0x37, 0x18, 0xC0, 0x45, 0x00, 0x00, 0x37, 0x19, 0xE1,
    0x45, 0x00, 0x00, 0x37, 0x1A, 0xA4, 0x46, 0x00, 0x00, 0x37, 0x1C, 0xAE, 0x46, 0x00, 0x00, 0x37,
    0x1E, 0xE6, 0x46, 0x00, 0x00, 0x37, 0x20, 0x17, 0x47, 0x00, 0x00, 0x37, 0x21, 0x70, 0x47, 0x00,
    0x00, 0x37, 0x23, 0xAF, 0x47, 0x00, 0x00, 0x37, 0x25, 0xDE, 0x47, 0x00, 0x00, 0x37, 0x26, 0x3E,
    0x48, 0x00, 0x00, 0x37, 0x27, 0x2B, 0x50, 0x00, 0x00, 0x37, 0x28, 0x3F, 0x48, 0x00, 0x00, 0x37,
    0x2A, 0x49, 0x48, 0x00, 0x00, 0x37, 0x2B, 0x7F, 0x48, 0x00, 0x00, 0x37, 0x31, 0xB6, 0x48, 0x00,
    0x00, 0x37, 0x32, 0xDC, 0x41, 0x00, 0x00, 0x37, 0x33, 0x17, 0x42, 0x00, 0x00, 0x37, 0x34, 0x7D,
    0x42, 0x00, 0x00, 0x37, 0x35, 0x93, 0x42, 0x00, 0x00, 0x37, 0x36, 0xCE, 0x42, 0x00, 0x00, 0x37,
    0x37, 0x34, 0x43, 0x00, 0x00, 0x37, 0x38, 0x4E, 0x43, 0x00, 0x00, 0x37, 0x3A, 0x18, 0x44, 0x00,
    0x00, 0x37, 0x3B, 0x6A, 0x44, 0x00, 0x00, 0x37, 0x3C, 0xA1, 0x44, 0x00, 0x00, 0x37, 0x3D, 0xB7,
    0x44, 0x00, 0x00, 0x37, 0x3E, 0x0B, 0x45, 0x00, 0x00, 0x37, 0x3F, 0x2C, 0x45, 0x00, 0x00, 0x37,
    0x40, 0xC0, 0x45, 0x00, 0x00, 0x37, 0x41, 0xF3, 0x48, 0x00, 0x00, 0x37, 0x42, 0x23, 0x49, 0x00,
    0x00, 0x37, 0x43, 0x34, 0x49, 0x00, 0x00, 0x37, 0x76, 0xA6, 0x48, 0x00, 0x00, 0x37, 0x46, 0x8B,
    0x44, 0x00, 0x00, 0x37, 0x4B, 0x2B, 0x50, 0x00, 0x00, 0x37, 0x4E, 0x51, 0x49, 0x00, 0x00, 0x37,
    0x4F, 0x74, 0x49, 0x00, 0x00, 0x37, 0x50, 0x0A, 0x4A, 0x00, 0x00, 0x37, 0x54, 0x70, 0x47, 0x00,
    0x00, 0x37, 0x56, 0x32, 0x4A, 0x00, 0x00, 0x37, 0x59, 0x51, 0x4A, 0x00, 0x00, 0x37, 0x5A, 0x03,
    0x4B, 0x00, 0x00, 0x37, 0x5B, 0x6B, 0x4B, 0x00, 0x00, 0x37, 0x5C, 0x97, 0x4B, 0x00, 0x00, 0x37,
    0x5E, 0x9A, 0x4B, 0x00, 0x00, 0x37, 0x61, 0xA3, 0x4B, 0x00, 0x00, 0x37, 0x62, 0xB0, 0x4B, 0x00,
    0x00, 0x37, 0x63, 0xE6, 0x4B, 0x00, 0x00, 0x37, 0x66, 0x2B, 0x4C, 0x00, 0x00, 0x37, 0x69, 0x42,
    0x4C, 0x00, 0x00, 0x37, 0x6A, 0x49, 0x48, 0x00, 0x00, 0x37, 0x6C, 0x4E, 0x43, 0x00, 0x00, 0x37,
    0x6D, 0x65, 0x4C, 0x00, 0x00, 0x37, 0x6F, 0xB4, 0x4C, 0x00, 0x00, 0x37, 0x71, 0x7D, 0x4D, 0x00,
    0x00, 0x37, 0x74, 0xAB, 0x4D, 0x00, 0x00, 0x37, 0x7F, 0xC9, 0x4D, 0x00, 0x00, 0x37, 0x80, 0x65,
    0x4E, 0x00, 0x00, 0x37, 0x84, 0xFD, 0x46, 0x00, 0x00, 0x37, 0x85, 0xFD, 0x46, 0x00, 0x00, 0x37,
    0x86, 0xFD, 0x46, 0x00, 0x00, 0x37, 0x88, 0x9B, 0x4E, 0x00, 0x00, 0x37, 0x89, 0xDA, 0x4E, 0x00,
    0x00, 0x37, 0x8E, 0x03, 0x4F, 0x00, 0x00, 0x37, 0x8F, 0x12, 0x4F, 0x00, 0x00, 0x37, 0x90, 0x7A,
    0x4F, 0x00, 0x00, 0x37, 0x91, 0x2B, 0x50, 0x00, 0x00, 0x37, 0x97, 0x2B, 0x50, 0x00, 0x00, 0x37,
    0x9B, 0x4F, 0x50, 0x00, 0x00, 0x37, 0x9D, 0x17, 0x47, 0x00, 0x00, 0x37, 0x9E, 0xD9, 0x50, 0x00,
    0x00, 0x37, 0xA1, 0xDC, 0x50, 0x00, 0x00, 0x37, 0xA2, 0x17, 0x47, 0x00, 0x00, 0x37, 0xA4, 0xED,
    0x50, 0x00, 0x00, 0x37, 0xA6, 0xAE, 0x48, 0x00, 0x00, 0x37, 0xA8, 0xE8, 0x40, 0x00, 0x00, 0x37,
    0xA9, 0x16, 0x51, 0x00, 0x00, 0x37, 0xAA, 0x23, 0x51, 0x00, 0x00, 0x37, 0xAB, 0x7C, 0x51, 0x00,
    0x00, 0x37, 0xB1, 0x8E, 0x51, 0x00, 0x00, 0x37, 0xB2, 0xD9, 0x51, 0x00, 0x00, 0x37, 0xB6, 0x10,
    0x52, 0x00, 0x00, 0x37, 0xB7, 0x40, 0x52, 0x00, 0x00, 0x37, 0xB8, 0x73, 0x52, 0x00, 0x00, 0x37,
    0xB9, 0x92, 0x52, 0x00, 0x00, 0x37, 0xBA, 0xC0, 0x52, 0x00, 0x00, 0x37, 0xBC, 0xD2, 0x52, 0x00,
    0x00, 0x37, 0xBD, 0xEA, 0x52, 0x00, 0x00, 0x37, 0xBE, 0x16, 0x53, 0x00, 0x00, 0x37, 0xBF, 0xD9,
    0x51, 0x00, 0x00, 0x37, 0xC0, 0x3E, 0x53, 0x00, 0x00, 0x37, 0xC1, 0x4F, 0x53, 0x00, 0x00, 0x37,
    0xC3, 0x5E, 0x53, 0x00, 0x00, 0x37, 0xC8, 0x7F, 0x48, 0x00, 0x00, 0x37, 0xC9, 0xC8, 0x53, 0x00,
    0x00, 0x37, 0xCC, 0xEE, 0x53, 0x00, 0x00, 0x37, 0xCD, 0x6A, 0x44, 0x00, 0x00, 0x37, 0xCE, 0xCE,
    0x42, 0x00, 0x00, 0x37, 0xD0, 0x17, 0x42, 0x00, 0x00, 0x37, 0xD1, 0x7F, 0x48, 0x00, 0x00, 0x37,
    0xD2, 0x16, 0x54, 0x00, 0x00, 0x37, 0xD3, 0xCE, 0x42, 0x00, 0x00, 0x37, 0xD4, 0x3C, 0x54, 0x00,
    0x00, 0x5A, 0x41, 0x00, 0x08, 0xC5, 0x40, 0x00, 0x00, 0x41, 0x00, 0x6B, 0xC5, 0x40, 0x00, 0x00,
    0x59, 0xCD, 0x40, 0x00, 0x00, 0x00, 0x80, 0xCD, 0x40, 0x00, 0x00, 0x04, 0x01, 0x5A, 0x31, 0x14,
    0xDF, 0x40, 0x00, 0x00, 0x31, 0x0A, 0xDF, 0x40, 0x00, 0x00, 0x59, 0xE7, 0x40, 0x00, 0x00, 0x00,
    0x32, 0xE7, 0x40, 0x00, 0x00, 0x04, 0xFD, 0x5A, 0x39, 0x00, 0x07, 0x07, 0x02, 0x41, 0x00, 0x00,
    0x04, 0xFF, 0x39, 0x00, 0x07, 0x0A, 0x02, 0x41, 0x00, 0x00, 0x00, 0x80, 0x02, 0x41, 0x00, 0x00,
    0x04, 0xFF, 0x05, 0x01, 0x50, 0x1A, 0x41, 0x00, 0x00, 0x28, 0x01, 0x1A, 0x41, 0x00, 0x00, 0x00,
    0x32, 0x45, 0x41, 0x00, 0x00, 0x59, 0xAF, 0x3D, 0x00, 0x00, 0x06, 0x01, 0x32, 0x3D, 0x41, 0x00,
    0x00, 0x00, 0x80, 0x29, 0x41, 0x00, 0x00, 0x04, 0x01, 0x06, 0x01, 0x1E, 0x45, 0x41, 0x00, 0x00,
    0x00, 0x32, 0x45, 0x41, 0x00, 0x00, 0x04, 0x01, 0x59, 0x45, 0x41, 0x00, 0x00, 0x00, 0x32, 0x45,
    0x41, 0x00, 0x00, 0x04, 0xFF, 0x5A, 0x31, 0x0A, 0x57, 0x41, 0x00, 0x00, 0x31, 0x14, 0x57, 0x41,
    0x00, 0x00, 0x59, 0x59, 0x41, 0x00, 0x00, 0x04, 0xFF, 0x5A, 0x28, 0x01, 0x78, 0x41, 0x00, 0x00,
    0x25, 0x00, 0x1E, 0x8C, 0x41, 0x00, 0x00, 0x78, 0x41, 0x00, 0x00, 0x00, 0x80, 0x8B, 0x41, 0x00,
    0x00, 0x04, 0x02, 0x59, 0x8B, 0x41, 0x00, 0x00, 0x25, 0x00, 0x1D, 0x8C, 0x41, 0x00, 0x00, 0x8B,
    0x41, 0x00, 0x00, 0x00, 0x50, 0x8B, 0x41, 0x00, 0x00, 0x04, 0xFF, 0x5A, 0x4F, 0x00, 0x8E, 0x00,
    0x93, 0x00, 0x5F, 0x00, 0x2F, 0x00, 0x40, 0x01, 0x45, 0x01, 0x1C, 0x00, 0x6C, 0x00, 0x5C, 0x00,
    0x0C, 0x00, 0x20, 0x00, 0x5A, 0x00, 0x49, 0x01, 0xEE, 0x00, 0xB1, 0x00, 0x6D, 0x00, 0xBA, 0x00,
    0x67, 0x00, 0xB2, 0x00, 0xB8, 0x00, 0x39, 0x01, 0x3F, 0x01, 0x56, 0x00, 0x89, 0x00, 0x4D, 0x00,
    0xF7, 0x00, 0xDF, 0x00, 0x3F, 0x00, 0xF5, 0x00, 0xA8, 0x00, 0x57, 0x01, 0xD5, 0x00, 0xCF, 0x00,
    0x03, 0x01, 0x04, 0x01, 0x0F, 0x01, 0x14, 0x01, 0x1D, 0x01, 0xFF, 0xFF, 0x39, 0x01, 0x01, 0x09,
    0xF1, 0x41, 0x00, 0x00, 0x00, 0x64, 0x00, 0x42, 0x00, 0x00, 0x04, 0xFF, 0x59, 0x00, 0x42, 0x00,
    0x00, 0x08, 0x01, 0x64, 0x00, 0x42, 0x00, 0x00, 0x00, 0x80, 0x00, 0x42, 0x00, 0x00, 0x04, 0x02,
    0x06, 0x01, 0x46, 0x16, 0x42, 0x00, 0x00, 0x05, 0x01, 0x28, 0x14, 0x42, 0x00, 0x00, 0x00, 0x28,
    0x16, 0x42, 0x00, 0x00, 0x04, 0xFE, 0x5A, 0x39, 0x01, 0x02, 0x09, 0x2C, 0x42, 0x00, 0x00, 0x00,
    0x64, 0x3B, 0x42, 0x00, 0x00, 0x04, 0xFF, 0x59, 0x3B, 0x42, 0x00, 0x00, 0x08, 0x01, 0x64, 0x3B,
    0x42, 0x00, 0x00, 0x00, 0x80, 0x3B, 0x42, 0x00, 0x00, 0x04, 0x02, 0x05, 0x01, 0x46, 0x48, 0x42,
    0x00, 0x00, 0x00, 0xC8, 0x72, 0x42, 0x00, 0x00, 0x05, 0x01, 0x28, 0x70, 0x42, 0x00, 0x00, 0x25,
    0x00, 0x4F, 0x13, 0x00, 0x6A, 0x42, 0x00, 0x00, 0x25, 0x00, 0x4E, 0x1C, 0x73, 0x42, 0x00, 0x00,
    0x70, 0x42, 0x00, 0x00, 0x00, 0x3C, 0x72, 0x42, 0x00, 0x00, 0x00, 0x3C, 0x72, 0x42, 0x00, 0x00,
    0x04, 0xFE, 0x5A, 0x00, 0x01, 0x03, 0x04, 0x02, 0x05, 0x06, 0x07, 0x08, 0xFF, 0x28, 0x01, 0x8A,
    0x42, 0x00, 0x00, 0x04, 0xFD, 0x59, 0x92, 0x42, 0x00, 0x00, 0x00, 0x46, 0x92, 0x42, 0x00, 0x00,
    0x04, 0x03, 0x5A, 0x39, 0x01, 0x04, 0x09, 0xA8, 0x42, 0x00, 0x00, 0x00, 0x64, 0xB7, 0x42, 0x00,
    0x00, 0x04, 0xFF, 0x59, 0xB7, 0x42, 0x00, 0x00, 0x08, 0x01, 0x64, 0xB7, 0x42, 0x00, 0x00, 0x00,
    0x80, 0xB7, 0x42, 0x00, 0x00, 0x04, 0x02, 0x06, 0x01, 0x46, 0xCD, 0x42, 0x00, 0x00, 0x05, 0x01,
    0x28, 0xCB, 0x42, 0x00, 0x00, 0x00, 0x46, 0xCD, 0x42, 0x00, 0x00, 0x04, 0xFE, 0x5A, 0x39, 0x01,
    0x05, 0x09, 0xE3, 0x42, 0x00, 0x00, 0x00, 0x64, 0xF2, 0x42, 0x00, 0x00, 0x04, 0xFF, 0x59, 0xF2,
    0x42, 0x00, 0x00, 0x08, 0x01, 0x64, 0xF2, 0x42, 0x00, 0x00, 0x00, 0x80, 0xF2, 0x42, 0x00, 0x00,
    0x04, 0x02, 0x05, 0x01, 0x46, 0xFF, 0x42, 0x00, 0x00, 0x00, 0xC8, 0x29, 0x43, 0x00, 0x00, 0x05,
    0x01, 0x28, 0x27, 0x43, 0x00, 0x00, 0x25, 0x00, 0x4F, 0x13, 0x00, 0x21, 0x43, 0x00, 0x00, 0x25,
    0x00, 0x4E, 0x1B, 0x2A, 0x43, 0x00, 0x00, 0x27, 0x43, 0x00, 0x00, 0x00, 0x3C, 0x29, 0x43, 0x00,
    0x00, 0x00, 0x3C, 0x29, 0x43, 0x00, 0x00, 0x04, 0xFE, 0x5A, 0x00, 0x01, 0x03, 0x04, 0x02, 0x05,
    0x06, 0x07, 0x08, 0xFF, 0x39, 0x01, 0x06, 0x09, 0x44, 0x43, 0x00, 0x00, 0x00, 0x32, 0x44, 0x43,
    0x00, 0x00, 0x04, 0xFE, 0x06, 0x01, 0x46, 0x4D, 0x43, 0x00, 0x00, 0x04, 0xFE, 0x5A, 0x05, 0x01,
    0x5A, 0x5D, 0x43, 0x00, 0x00, 0x00, 0x64, 0x5D, 0x43, 0x00, 0x00, 0x04, 0x03, 0x39, 0x01, 0x07,
    0x09, 0x6D, 0x43, 0x00, 0x00, 0x00, 0x80, 0x6D, 0x43, 0x00, 0x00, 0x04, 0xFF, 0x0A, 0x00, 0x80,
    0x00, 0x00, 0x00, 0x8C, 0x43, 0x00, 0x00, 0x06, 0x01, 0x32, 0x84, 0x43, 0x00, 0x00, 0x00, 0x50,
    0x8C, 0x43, 0x00, 0x00, 0x00, 0x32, 0x8C, 0x43, 0x00, 0x00, 0x04, 0x03, 0x0E, 0x00, 0x04, 0x00,
    0x00, 0x00, 0x9E, 0x43, 0x00, 0x00, 0x00, 0x46, 0x9E, 0x43, 0x00, 0x00, 0x04, 0x03, 0x0E, 0x01,
    0x00, 0x04, 0x00, 0x00, 0xB0, 0x43, 0x00, 0x00, 0x00, 0x80, 0xB0, 0x43, 0x00, 0x00, 0x04, 0x02,
    0x0C, 0x00, 0x00, 0x00, 0x00, 0x10, 0xC2, 0x43, 0x00, 0x00, 0x00, 0x46, 0xC2, 0x43, 0x00, 0x00,
    0x04, 0x03, 0x06, 0x01, 0x46, 0xE7, 0x43, 0x00, 0x00, 0x3B, 0x01, 0x07, 0x06, 0xE7, 0x43, 0x00,
    0x00, 0x05, 0x01, 0x28, 0xE5, 0x43, 0x00, 0x00, 0x05, 0x00, 0x28, 0xE5, 0x43, 0x00, 0x00, 0x00,
    0x46, 0xE7, 0x43, 0x00, 0x00, 0x04, 0xFE, 0x5A, 0x3A, 0x00, 0x07, 0x0A, 0x0D, 0x44, 0x00, 0x00,
    0x39, 0x01, 0x06, 0x02, 0x0D, 0x44, 0x00, 0x00, 0x3A, 0x00, 0x07, 0x08, 0x0F, 0x44, 0x00, 0x00,
    0x39, 0x01, 0x06, 0x04, 0x0F, 0x44, 0x00, 0x00, 0x59, 0x17, 0x44, 0x00, 0x00, 0x04, 0x01, 0x00,
    0x64, 0x17, 0x44, 0x00, 0x00, 0x04, 0x01, 0x5A, 0x3B, 0x00, 0x01, 0x06, 0x3B, 0x44, 0x00, 0x00,
    0x04, 0xFF, 0x06, 0x01, 0x5A, 0x2B, 0x44, 0x00, 0x00, 0x04, 0xFF, 0x3A, 0x00, 0x01, 0x03, 0x3B,
    0x44, 0x00, 0x00, 0x00, 0x32, 0x3B, 0x44, 0x00, 0x00, 0x04, 0xFE, 0x06, 0x00, 0x46, 0x44, 0x44,
    0x00, 0x00, 0x04, 0xFE, 0x22, 0x00, 0x1B, 0x63, 0x44, 0x00, 0x00, 0x62, 0x44, 0x00, 0x00, 0x22,
    0x02, 0x1B, 0x63, 0x44, 0x00, 0x00, 0x62, 0x44, 0x00, 0x00, 0x00, 0x32, 0x62, 0x44, 0x00, 0x00,
    0x04, 0xFE, 0x5A, 0x00, 0x01, 0x04, 0x05, 0x06, 0x08, 0xFF, 0x05, 0x01, 0x46, 0x79, 0x44, 0x00,
    0x00, 0x3A, 0x00, 0x02, 0x03, 0x81, 0x44, 0x00, 0x00, 0x00, 0x32, 0x81, 0x44, 0x00, 0x00, 0x04,
    0xFE, 0x06, 0x00, 0x46, 0x8A, 0x44, 0x00, 0x00, 0x04, 0xFE, 0x5A, 0x19, 0xC4, 0x00, 0xA1, 0x44,
    0x00, 0x00, 0x19, 0x3D, 0x01, 0xA1, 0x44, 0x00, 0x00, 0x19, 0x55, 0x01, 0xA1, 0x44, 0x00, 0x00,
    0x5A, 0x28, 0x01, 0xAE, 0x44, 0x00, 0x00, 0x04, 0xFD, 0x59, 0xB6, 0x44, 0x00, 0x00, 0x00, 0x46,
    0xB6, 0x44, 0x00, 0x00, 0x04, 0x02, 0x5A, 0x3B, 0x00, 0x01, 0x06, 0xDA, 0x44, 0x00, 0x00, 0x04,
    0xFF, 0x06, 0x01, 0x5A, 0xCA, 0x44, 0x00, 0x00, 0x04, 0xFF, 0x3A, 0x00, 0x04, 0x03, 0xDA, 0x44,
    0x00, 0x00, 0x00, 0x32, 0xDA, 0x44, 0x00, 0x00, 0x04, 0xFE, 0x06, 0x00, 0x46, 0xE3, 0x44, 0x00,
    0x00, 0x04, 0xFE, 0x22, 0x00, 0x1B, 0x02, 0x45, 0x00, 0x00, 0x01, 0x45, 0x00, 0x00, 0x22, 0x02,
    0x1B, 0x02, 0x45, 0x00, 0x00, 0x01, 0x45, 0x00, 0x00, 0x00, 0x32, 0x01, 0x45, 0x00, 0x00, 0x04,
    0xFE, 0x5A, 0x0A, 0x0B, 0x0C, 0x0D, 0x0E, 0x0F, 0x10, 0x11, 0xFF, 0x05, 0x01, 0x46, 0x1A, 0x45,
    0x00, 0x00, 0x3A, 0x00, 0x05, 0x03, 0x22, 0x45, 0x00, 0x00, 0x00, 0x32, 0x22, 0x45, 0x00, 0x00,
    0x04, 0xFE, 0x06, 0x00, 0x46, 0x2B, 0x45, 0x00, 0x00, 0x04, 0xFE, 0x5A, 0x05, 0x01, 0x46, 0x3A,
    0x45, 0x00, 0x00, 0x06, 0x00, 0x46, 0x42, 0x45, 0x00, 0x00, 0x00, 0x64, 0x42, 0x45, 0x00, 0x00,
    0x04, 0xFF, 0x3A, 0x01, 0x06, 0x04, 0x52, 0x45, 0x00, 0x00, 0x00, 0x50, 0x52, 0x45, 0x00, 0x00,
    0x04, 0xFE, 0x0A, 0x00, 0x80, 0x00, 0x00, 0x00, 0x64, 0x45, 0x00, 0x00, 0x00, 0x46, 0x64, 0x45,
    0x00, 0x00, 0x04, 0x02, 0x0E, 0x00, 0x04, 0x00, 0x00, 0x00, 0x76, 0x45, 0x00, 0x00, 0x00, 0x46,
    0x76, 0x45, 0x00, 0x00, 0x04, 0x02, 0x0E, 0x01, 0x00, 0x04, 0x00, 0x00, 0x88, 0x45, 0x00, 0x00,
    0x00, 0x80, 0x88, 0x45, 0x00, 0x00, 0x04, 0x01, 0x0C, 0x00, 0x00, 0x00, 0x00, 0x10, 0x9A, 0x45,
    0x00, 0x00, 0x00, 0x46, 0x9A, 0x45, 0x00, 0x00, 0x04, 0x02, 0x06, 0x01, 0x46, 0xBF, 0x45, 0x00,
    0x00, 0x3B, 0x00, 0x06, 0x06, 0xBF, 0x45, 0x00, 0x00, 0x05, 0x01, 0x28, 0xBD, 0x45, 0x00, 0x00,
    0x05, 0x00, 0x28, 0xBD, 0x45, 0x00, 0x00, 0x00, 0x46, 0xBF, 0x45, 0x00, 0x00, 0x04, 0xFE, 0x5A,
    0x05, 0x01, 0x46, 0xCF, 0x45, 0x00, 0x00, 0x3A, 0x00, 0x07, 0x03, 0xD7, 0x45, 0x00, 0x00, 0x00,
    0x32, 0xD7, 0x45, 0x00, 0x00, 0x04, 0xFE, 0x06, 0x00, 0x46, 0xE0, 0x45, 0x00, 0x00, 0x04, 0xFE,
    0x5A, 0x3A, 0x01, 0x01, 0x08, 0x36, 0x46, 0x00, 0x00, 0x3A, 0x01, 0x02, 0x08, 0x36, 0x46, 0x00,
    0x00, 0x3A, 0x01, 0x04, 0x08, 0x36, 0x46, 0x00, 0x00, 0x3A, 0x01, 0x05, 0x08, 0x36, 0x46, 0x00,
    0x00, 0x3A, 0x01, 0x07, 0x08, 0x36, 0x46, 0x00, 0x00, 0x39, 0x00, 0x01, 0x04, 0x36, 0x46, 0x00,
    0x00, 0x39, 0x00, 0x02, 0x04, 0x36, 0x46, 0x00, 0x00, 0x39, 0x00, 0x04, 0x04, 0x36, 0x46, 0x00,
    0x00, 0x39, 0x00, 0x05, 0x04, 0x36, 0x46, 0x00, 0x00, 0x39, 0x00, 0x06, 0x04, 0x36, 0x46, 0x00,
    0x00, 0x59, 0x3E, 0x46, 0x00, 0x00, 0x00, 0x32, 0x3E, 0x46, 0x00, 0x00, 0x04, 0xFD, 0x3A, 0x00,
    0x01, 0x08, 0x9B, 0x46, 0x00, 0x00, 0x3A, 0x00, 0x02, 0x08, 0x9B, 0x46, 0x00, 0x00, 0x3A, 0x00,
    0x04, 0x08, 0x9B, 0x46, 0x00, 0x00, 0x3A, 0x00, 0x05, 0x08, 0x9B, 0x46, 0x00, 0x00, 0x3A, 0x00,
    0x07, 0x08, 0x9B, 0x46, 0x00, 0x00, 0x39, 0x01, 0x01, 0x04, 0x9B, 0x46, 0x00, 0x00, 0x39, 0x01,
    0x02, 0x04, 0x9B, 0x46, 0x00, 0x00, 0x39, 0x01, 0x04, 0x04, 0x9B, 0x46, 0x00, 0x00, 0x39, 0x01,
    0x05, 0x04, 0x9B, 0x46, 0x00, 0x00, 0x39, 0x01, 0x06, 0x04, 0x9B, 0x46, 0x00, 0x00, 0x00, 0x32,
    0xA3, 0x46, 0x00, 0x00, 0x04, 0xFF, 0x59, 0xA3, 0x46, 0x00, 0x00, 0x00, 0x32, 0xA3, 0x46, 0x00,
    0x00, 0x04, 0x03, 0x5A, 0x06, 0x01, 0x5A, 0xAD, 0x46, 0x00, 0x00, 0x04, 0xFE, 0x5A, 0x3A, 0x00,
    0x01, 0x08, 0xDD, 0x46, 0x00, 0x00, 0x3A, 0x00, 0x02, 0x08, 0xDD, 0x46, 0x00, 0x00, 0x3A, 0x00,
    0x04, 0x08, 0xDD, 0x46, 0x00, 0x00, 0x3A, 0x00, 0x05, 0x08, 0xDD, 0x46, 0x00, 0x00, 0x3A, 0x00,
    0x07, 0x08, 0xDD, 0x46, 0x00, 0x00, 0x04, 0xFD, 0x59, 0xE5, 0x46, 0x00, 0x00, 0x00, 0x80, 0xE5,
    0x46, 0x00, 0x00, 0x04, 0x02, 0x5A, 0x06, 0x01, 0x5A, 0xEF, 0x46, 0x00, 0x00, 0x04, 0xFE, 0x21,
    0x13, 0x00, 0xFC, 0x46, 0x00, 0x00, 0x00, 0xC8, 0xAC, 0x3D, 0x00, 0x00, 0x5A, 0x36, 0x13, 0x03,
    0x15, 0x47, 0x00, 0x00, 0x13, 0x01, 0x15, 0x47, 0x00, 0x00, 0x13, 0x02, 0x15, 0x47, 0x00, 0x00,
    0x59, 0x17, 0x47, 0x00, 0x00, 0x04, 0xFE, 0x07, 0x01, 0x64, 0x3F, 0x47, 0x00, 0x00, 0x28, 0x01,
    0x46, 0x47, 0x00, 0x00, 0x04, 0xF8, 0x59, 0x6F, 0x47, 0x00, 0x00, 0x05, 0x01, 0x32, 0x5A, 0x47,
    0x00, 0x00, 0x06, 0x01, 0x50, 0x3F, 0x47, 0x00, 0x00, 0x00, 0x46, 0x5A, 0x47, 0x00, 0x00, 0x04,
    0xFD, 0x59, 0x6F, 0x47, 0x00, 0x00, 0x05, 0x01, 0x46, 0x5A, 0x47, 0x00, 0x00, 0x00, 0x1E, 0x5A,
    0x47, 0x00, 0x00, 0x04, 0xFD, 0x59, 0x6F, 0x47, 0x00, 0x00, 0x42, 0x00, 0xC3, 0x67, 0x47, 0x00,
    0x00, 0x00, 0x64, 0x6F, 0x47, 0x00, 0x00, 0x00, 0x14, 0x6F, 0x47, 0x00, 0x00, 0x04, 0x02, 0x5A,
    0x20, 0x93, 0x47, 0x00, 0x00, 0x06, 0x01, 0x32, 0x84, 0x47, 0x00, 0x00, 0x00, 0x32, 0x84, 0x47,
    0x00, 0x00, 0x04, 0xFD, 0x06, 0x00, 0x32, 0x93, 0x47, 0x00, 0x00, 0x00, 0x32, 0x93, 0x47, 0x00,
    0x00, 0x04, 0xFD, 0x41, 0x01, 0x0E, 0xA6, 0x47, 0x00, 0x00, 0x41, 0x01, 0x6F, 0xA6, 0x47, 0x00,
    0x00, 0x59, 0xAE, 0x47, 0x00, 0x00, 0x00, 0x3C, 0xAE, 0x47, 0x00, 0x00, 0x04, 0x02, 0x5A, 0x05,
    0x01, 0x32, 0xD2, 0x47, 0x00, 0x00, 0x22, 0x00, 0x1B, 0xD5, 0x47, 0x00, 0x00, 0xD4, 0x47, 0x00,
    0x00, 0x22, 0x02, 0x1B, 0xD5, 0x47, 0x00, 0x00, 0xD4, 0x47, 0x00, 0x00, 0x00, 0x32, 0xD4, 0x47,
    0x00, 0x00, 0x04, 0xFE, 0x5A, 0x0A, 0x0B, 0x0C, 0x0D, 0x0E, 0x0F, 0x10, 0x11, 0xFF, 0x28, 0x01,
    0x0D, 0x48, 0x00, 0x00, 0x08, 0x01, 0x64, 0xF2, 0x47, 0x00, 0x00, 0x04, 0xF8, 0x59, 0x3D, 0x48,
    0x00, 0x00, 0x05, 0x01, 0x28, 0x28, 0x48, 0x00, 0x00, 0x06, 0x01, 0x32, 0x06, 0x48, 0x00, 0x00,
    0x00, 0x46, 0x28, 0x48, 0x00, 0x00, 0x04, 0xFD, 0x59, 0x3D, 0x48, 0x00, 0x00, 0x05, 0x01, 0x3C,
    0x28, 0x48, 0x00, 0x00, 0x06, 0x01, 0x46, 0x21, 0x48, 0x00, 0x00, 0x00, 0x32, 0x28, 0x48, 0x00,
    0x00, 0x04, 0xFD, 0x59, 0x3D, 0x48, 0x00, 0x00, 0x42, 0x00, 0xC3, 0x35, 0x48, 0x00, 0x00, 0x00,
    0x32, 0x3D, 0x48, 0x00, 0x00, 0x00, 0x0A, 0x3D, 0x48, 0x00, 0x00, 0x04, 0x03, 0x5A, 0x5A, 0x06,
    0x00, 0x32, 0x48, 0x48, 0x00, 0x00, 0x04, 0xFF, 0x5A, 0x09, 0x00, 0x80, 0x00, 0x00, 0x00, 0x76,
    0x48, 0x00, 0x00, 0x0B, 0x00, 0x00, 0x00, 0x00, 0x10, 0x76, 0x48, 0x00, 0x00, 0x0D, 0x00, 0x20,
    0x00, 0x00, 0x00, 0x76, 0x48, 0x00, 0x00, 0x0B, 0x00, 0x00, 0x00, 0x0F, 0x00, 0x76, 0x48, 0x00,
    0x00, 0x59, 0x7E, 0x48, 0x00, 0x00, 0x00, 0x80, 0x7E, 0x48, 0x00, 0x00, 0x04, 0x01, 0x5A, 0x31,
    0x0A, 0xA5, 0x48, 0x00, 0x00, 0x31, 0x14, 0xA5, 0x48, 0x00, 0x00, 0x31, 0x50, 0x9D, 0x48, 0x00,
    0x00, 0x31, 0xA0, 0x9D, 0x48, 0x00, 0x00, 0x00, 0x80, 0xA5, 0x48, 0x00, 0x00, 0x00, 0x80, 0xA5,
    0x48, 0x00, 0x00, 0x04, 0x01, 0x5A, 0x3F, 0x01, 0xF4, 0x00, 0xD8, 0x48, 0x00, 0x00, 0x00, 0x80,
    0xB6, 0x48, 0x00, 0x00, 0x04, 0x01, 0x06, 0x00, 0x46, 0xD7, 0x48, 0x00, 0x00, 0x00, 0x80, 0xC5,
    0x48, 0x00, 0x00, 0x04, 0xFF, 0x06, 0x00, 0x32, 0xD7, 0x48, 0x00, 0x00, 0x04, 0xFF, 0x06, 0x00,
    0x1E, 0xD7, 0x48, 0x00, 0x00, 0x04, 0xFF, 0x5A, 0x3A, 0x00, 0x01, 0x03, 0xF0, 0x48, 0x00, 0x00,
    0x04, 0x03, 0x21, 0x14, 0x00, 0xF2, 0x48, 0x00, 0x00, 0x04, 0x02, 0x59, 0xF2, 0x48, 0x00, 0x00,
    0x04, 0xFB, 0x5A, 0x05, 0x01, 0x32, 0x16, 0x49, 0x00, 0x00, 0x22, 0x00, 0x1B, 0x19, 0x49, 0x00,
    0x00, 0x18, 0x49, 0x00, 0x00, 0x22, 0x02, 0x1B, 0x19, 0x49, 0x00, 0x00, 0x18, 0x49, 0x00, 0x00,
    0x00, 0x32, 0x18, 0x49, 0x00, 0x00, 0x04, 0xFE, 0x5A, 0x00, 0x01, 0x02, 0x03, 0x04, 0x05, 0x06,
    0x07, 0x08, 0xFF, 0x05, 0x01, 0x32, 0x31, 0x49, 0x00, 0x00, 0x06, 0x00, 0x32, 0x33, 0x49, 0x00,
    0x00, 0x04, 0xFF, 0x5A, 0x28, 0x01, 0x48, 0x49, 0x00, 0x00, 0x06, 0x01, 0x46, 0x50, 0x49, 0x00,
    0x00, 0x04, 0xFF, 0x59, 0x50, 0x49, 0x00, 0x00, 0x00, 0x14, 0x50, 0x49, 0x00, 0x00, 0x04, 0x03,
    0x5A, 0x28, 0x01, 0x73, 0x49, 0x00, 0x00, 0x06, 0x01, 0x3C, 0x73, 0x49, 0x00, 0x00, 0x05, 0x01,
    0x28, 0x6B, 0x49, 0x00, 0x00, 0x00, 0xB4, 0x73, 0x49, 0x00, 0x00, 0x00, 0x32, 0x73, 0x49, 0x00,
    0x00, 0x04, 0xFF, 0x5A, 0x06, 0x01, 0x5A, 0xA1, 0x49, 0x00, 0x00, 0x06, 0x01, 0x46, 0x99, 0x49,
    0x00, 0x00, 0x06, 0x01, 0x32, 0x91, 0x49, 0x00, 0x00, 0x00, 0x64, 0x91, 0x49, 0x00, 0x00, 0x04,
    0xFF, 0x00, 0x64, 0x99, 0x49, 0x00, 0x00, 0x04, 0xFF, 0x00, 0x64, 0xA1, 0x49, 0x00, 0x00, 0x04,
    0xFF, 0x28, 0x01, 0x09, 0x4A, 0x00, 0x00, 0x25, 0x00, 0x50, 0x13, 0x01, 0xD9, 0x49, 0x00, 0x00,
    0x13, 0x21, 0xD9, 0x49, 0x00, 0x00, 0x13, 0x42, 0xD9, 0x49, 0x00, 0x00, 0x13, 0x43, 0xD9, 0x49,
    0x00, 0x00, 0x13, 0xA7, 0xD9, 0x49, 0x00, 0x00, 0x13, 0x31, 0xE8, 0x49, 0x00, 0x00, 0x13, 0x54,
    0xF7, 0x49, 0x00, 0x00, 0x59, 0x09, 0x4A, 0x00, 0x00, 0x0A, 0x00, 0xFF, 0x00, 0x00, 0x00, 0x01,
    0x4A, 0x00, 0x00, 0x59, 0x09, 0x4A, 0x00, 0x00, 0x0C, 0x00, 0x07, 0x00, 0x00, 0x00, 0x01, 0x4A,
    0x00, 0x00, 0x59, 0x09, 0x4A, 0x00, 0x00, 0x0D, 0x00, 0x04, 0x00, 0x00, 0x00, 0x09, 0x4A, 0x00,
    0x00, 0x00, 0x64, 0x09, 0x4A, 0x00, 0x00, 0x04, 0x01, 0x5A, 0x31, 0x0A, 0x2F, 0x4A, 0x00, 0x00,
    0x31, 0x14, 0x2F, 0x4A, 0x00, 0x00, 0x28, 0x01, 0x28, 0x4A, 0x00, 0x00, 0x06, 0x01, 0x28, 0x2F,
    0x4A, 0x00, 0x00, 0x59, 0x31, 0x4A, 0x00, 0x00, 0x05, 0x01, 0x3C, 0x31, 0x4A, 0x00, 0x00, 0x04,
    0xFF, 0x5A, 0x28, 0x01, 0x50, 0x4A, 0x00, 0x00, 0x25, 0x00, 0x4F, 0x13, 0x00, 0x48, 0x4A, 0x00,
    0x00, 0x04, 0x01, 0x59, 0x50, 0x4A, 0x00, 0x00, 0x00, 0x64, 0x50, 0x4A, 0x00, 0x00, 0x04, 0xFF,
    0x5A, 0x09, 0x00, 0x07, 0x00, 0x00, 0x00, 0xF6, 0x4A, 0x00, 0x00, 0x0B, 0x00, 0x00, 0x00, 0x0F,
    0x00, 0xF6, 0x4A, 0x00, 0x00, 0x0B, 0x00, 0x07, 0x00, 0x00, 0x00, 0xF6, 0x4A, 0x00, 0x00, 0x06,
    0x01, 0x1E, 0x7E, 0x4A, 0x00, 0x00, 0x00, 0x0A, 0x7E, 0x4A, 0x00, 0x00, 0x04, 0xFF, 0x06, 0x01,
    0x32, 0x8D, 0x4A, 0x00, 0x00, 0x00, 0x64, 0x8D, 0x4A, 0x00, 0x00, 0x04, 0xFF, 0x3F, 0x01, 0xF3,
    0x00, 0xED, 0x4A, 0x00, 0x00, 0x25, 0x00, 0x4F, 0x13, 0x00, 0xC4, 0x4A, 0x00, 0x00, 0x5D, 0xAB,
    0x4A, 0x00, 0x00, 0x00, 0x64, 0xAB, 0x4A, 0x00, 0x00, 0x04, 0x01, 0x25, 0x00, 0x4E, 0x1C, 0xF9,
    0x4A, 0x00, 0x00, 0xF6, 0x4A, 0x00, 0x00, 0x00, 0x64, 0xF8, 0x4A, 0x00, 0x00, 0x04, 0x01, 0x59,
    0xF8, 0x4A, 0x00, 0x00, 0x5D, 0xD1, 0x4A, 0x00, 0x00, 0x00, 0x64, 0xD1, 0x4A, 0x00, 0x00, 0x04,
    0x01, 0x22, 0x00, 0x1B, 0xF9, 0x4A, 0x00, 0x00, 0xF8, 0x4A, 0x00, 0x00, 0x22, 0x02, 0x1B, 0xF9,
    0x4A, 0x00, 0x00, 0xF8, 0x4A, 0x00, 0x00, 0x00, 0x32, 0xF8, 0x4A, 0x00, 0x00, 0x00, 0x64, 0xF5,
    0x4A, 0x00, 0x00, 0x04, 0x04, 0x5A, 0x04, 0xFF, 0x5A, 0x00, 0x01, 0x02, 0x03, 0x04, 0x05, 0x06,
    0x07, 0x08, 0xFF, 0x43, 0x00, 0x00, 0x1C, 0x4B, 0x00, 0x00, 0x28, 0x01, 0x29, 0x4B, 0x00, 0x00,
    0x25, 0x00, 0x50, 0x1C, 0x2C, 0x4B, 0x00, 0x00, 0x29, 0x4B, 0x00, 0x00, 0x00, 0x1E, 0x2B, 0x4B,
    0x00, 0x00, 0x04, 0x03, 0x59, 0x2B, 0x4B, 0x00, 0x00, 0x04, 0xFE, 0x5A, 0x08, 0x0A, 0x0B, 0x0C,
    0x0D, 0x19, 0x1C, 0x1E, 0x21, 0x23, 0x25, 0x28, 0x36, 0x31, 0x42, 0x43, 0x54, 0x55, 0x32, 0x5A,
    0x5D, 0x5E, 0x66, 0x6A, 0x6B, 0x6F, 0xBF, 0x71, 0x72, 0x73, 0x74, 0x76, 0x78, 0x7C, 0x88, 0x89,
    0x8E, 0x8F, 0x94, 0x9E, 0xA0, 0xA1, 0xA2, 0xA4, 0xA5, 0xA7, 0xAC, 0xAE, 0xB1, 0xB2, 0xB5, 0xB8,
    0xBC, 0xBF, 0xC0, 0xC1, 0xC2, 0xC7, 0xC9, 0xD2, 0xD4, 0xD5, 0xFF, 0x05, 0x00, 0x50, 0x94, 0x4B,
    0x00, 0x00, 0x28, 0x01, 0x86, 0x4B, 0x00, 0x00, 0x06, 0x01, 0x28, 0x94, 0x4B, 0x00, 0x00, 0x04,
    0x01, 0x59, 0x96, 0x4B, 0x00, 0x00, 0x06, 0x01, 0x3C, 0x94, 0x4B, 0x00, 0x00, 0x04, 0x01, 0x59,
    0x96, 0x4B, 0x00, 0x00, 0x04, 0xFF, 0x5A, 0x04, 0x02, 0x5A, 0x00, 0x80, 0xA2, 0x4B, 0x00, 0x00,
    0x04, 0x02, 0x5A, 0x09, 0x01, 0x07, 0x00, 0x00, 0x00, 0xCD, 0x3D, 0x00, 0x00, 0x04, 0xFB, 0x5A,
    0x04, 0xFF, 0x28, 0x01, 0xE5, 0x4B, 0x00, 0x00, 0x06, 0x01, 0x46, 0xE5, 0x4B, 0x00, 0x00, 0x00,
    0x80, 0xC7, 0x4B, 0x00, 0x00, 0x04, 0x01, 0x06, 0x01, 0x32, 0xE5, 0x4B, 0x00, 0x00, 0x00, 0x80,
    0xD6, 0x4B, 0x00, 0x00, 0x04, 0x01, 0x06, 0x01, 0x1E, 0xE5, 0x4B, 0x00, 0x00, 0x00, 0x64, 0xE5,
    0x4B, 0x00, 0x00, 0x04, 0x02, 0x5A, 0x28, 0x01, 0x06, 0x4C, 0x00, 0x00, 0x06, 0x01, 0x21, 0x28,
    0x4C, 0x00, 0x00, 0x06, 0x01, 0x14, 0x2A, 0x4C, 0x00, 0x00, 0x05, 0x01, 0x08, 0x19, 0x4C, 0x00,
    0x00, 0x59, 0x1B, 0x4C, 0x00, 0x00, 0x06, 0x01, 0x3C, 0x28, 0x4C, 0x00, 0x00, 0x06, 0x01, 0x28,
    0x2A, 0x4C, 0x00, 0x00, 0x59, 0x1B, 0x4C, 0x00, 0x00, 0x04, 0x01, 0x00, 0x64, 0x2A, 0x4C, 0x00,
    0x00, 0x04, 0x01, 0x59, 0x2A, 0x4C, 0x00, 0x00, 0x04, 0xFF, 0x5A, 0x09, 0x00, 0xFF, 0x00, 0x00,
    0x00, 0x41, 0x4C, 0x00, 0x00, 0x34, 0x00, 0xFF, 0x00, 0x00, 0x00, 0x41, 0x4C, 0x00, 0x00, 0x04,
    0xFB, 0x5A, 0x48, 0x00, 0x1C, 0x5D, 0x4C, 0x00, 0x00, 0x5A, 0x4C, 0x00, 0x00, 0x00, 0x32, 0x5C,
    0x4C, 0x00, 0x00, 0x04, 0x01, 0x59, 0x5C, 0x4C, 0x00, 0x00, 0x04, 0xFE, 0x5A, 0x03, 0x09, 0x01,
    0x16, 0x2B, 0x2D, 0x41, 0xFF, 0x22, 0x01, 0x13, 0x07, 0xAA, 0x4C, 0x00, 0x00, 0x22, 0x03, 0x13,
    0x07, 0xAA, 0x4C, 0x00, 0x00, 0x3A, 0x01, 0x02, 0x09, 0xB3, 0x4C, 0x00, 0x00, 0x00, 0x80, 0x85,
    0x4C, 0x00, 0x00, 0x04, 0x01, 0x3A, 0x01, 0x02, 0x07, 0xB3, 0x4C, 0x00, 0x00, 0x00, 0x80, 0x95,
    0x4C, 0x00, 0x00, 0x04, 0x01, 0x3A, 0x01, 0x02, 0x06, 0xB3, 0x4C, 0x00, 0x00, 0x00, 0x80, 0xB3,
    0x4C, 0x00, 0x00, 0x04, 0x01, 0x59, 0xB3, 0x4C, 0x00, 0x00, 0x06, 0x01, 0x50, 0xB3, 0x4C, 0x00,
    0x00, 0x04, 0xFF, 0x5A, 0x51, 0x01, 0x12, 0x01, 0x7A, 0x4D, 0x00, 0x00, 0x09, 0x01, 0x80, 0x00,
    0x00, 0x00, 0x71, 0x4D, 0x00, 0x00, 0x0B, 0x01, 0x00, 0x00, 0x00, 0x10, 0x71, 0x4D, 0x00, 0x00,
    0x0D, 0x01, 0x20, 0x00, 0x00, 0x00, 0x71, 0x4D, 0x00, 0x00, 0x0B, 0x01, 0x00, 0x00, 0x0F, 0x00,
    0x71, 0x4D, 0x00, 0x00, 0x0D, 0x01, 0x04, 0x00, 0x00, 0x00, 0x71, 0x4D, 0x00, 0x00, 0x0D, 0x01,
    0x00, 0x18, 0x00, 0x00, 0x71, 0x4D, 0x00, 0x00, 0x41, 0x00, 0x20, 0x71, 0x4D, 0x00, 0x00, 0x41,
    0x00, 0x9C, 0x71, 0x4D, 0x00, 0x00, 0x09, 0x00, 0x80, 0x00, 0x00, 0x00, 0x50, 0x4D, 0x00, 0x00,
    0x0B, 0x00, 0x00, 0x00, 0x00, 0x10, 0x50, 0x4D, 0x00, 0x00, 0x0D, 0x00, 0x20, 0x00, 0x00, 0x00,
    0x50, 0x4D, 0x00, 0x00, 0x0B, 0x00, 0x00, 0x00, 0x0F, 0x00, 0x50, 0x4D, 0x00, 0x00, 0x0D, 0x00,
    0x04, 0x00, 0x00, 0x00, 0x50, 0x4D, 0x00, 0x00, 0x0D, 0x00, 0x00, 0x18, 0x00, 0x00, 0x50, 0x4D,
    0x00, 0x00, 0x25, 0x00, 0x50, 0x14, 0x5E, 0x50, 0x4D, 0x00, 0x00, 0x59, 0x52, 0x4D, 0x00, 0x00,
    0x04, 0x02, 0x00, 0x80, 0x5A, 0x4D, 0x00, 0x00, 0x04, 0xFF, 0x51, 0x01, 0x13, 0x00, 0x7C, 0x4D,
    0x00, 0x00, 0x04, 0xFF, 0x00, 0x80, 0x7C, 0x4D, 0x00, 0x00, 0x04, 0xFF, 0x59, 0x7C, 0x4D, 0x00,
    0x00, 0x25, 0x00, 0x50, 0x14, 0x5E, 0x7C, 0x4D, 0x00, 0x00, 0x04, 0xFE, 0x5A, 0x22, 0x01, 0x13,
    0x07, 0x9C, 0x4D, 0x00, 0x00, 0x22, 0x03, 0x13, 0x07, 0x9C, 0x4D, 0x00, 0x00, 0x3A, 0x01, 0x07,
    0x08, 0xA2, 0x4D, 0x00, 0x00, 0x04, 0xFE, 0x59, 0xAA, 0x4D, 0x00, 0x00, 0x00, 0x50, 0xAA, 0x4D,
    0x00, 0x00, 0x00, 0x50, 0xAA, 0x4D, 0x00, 0x00, 0x04, 0x02, 0x5A, 0x05, 0x01, 0x04, 0xB9, 0x4D,
    0x00, 0x00, 0x05, 0x01, 0x23, 0xC0, 0x4D, 0x00, 0x00, 0x04, 0xFF, 0x59, 0xC8, 0x4D, 0x00, 0x00,
    0x00, 0x46, 0xC8, 0x4D, 0x00, 0x00, 0x04, 0x01, 0x5A, 0x3A, 0x01, 0x01, 0x08, 0xF6, 0x4D, 0x00,
    0x00, 0x3A, 0x01, 0x02, 0x08, 0xF6, 0x4D, 0x00, 0x00, 0x3A, 0x01, 0x04, 0x08, 0xF6, 0x4D, 0x00,
    0x00, 0x3A, 0x01, 0x05, 0x08, 0xF6, 0x4D, 0x00, 0x00, 0x3A, 0x01, 0x07, 0x08, 0xF6, 0x4D, 0x00,
    0x00, 0x59, 0x1C, 0x4E, 0x00, 0x00, 0x28, 0x01, 0x08, 0x4E, 0x00, 0x00, 0x06, 0x01, 0x3C, 0x64,
    0x4E, 0x00, 0x00, 0x59, 0x0F, 0x4E, 0x00, 0x00, 0x06, 0x01, 0x46, 0x64, 0x4E, 0x00, 0x00, 0x00,
    0x50, 0x64, 0x4E, 0x00, 0x00, 0x04, 0x02, 0x59, 0x64, 0x4E, 0x00, 0x00, 0x3A, 0x01, 0x01, 0x07,
    0x49, 0x4E, 0x00, 0x00, 0x3A, 0x01, 0x02, 0x07, 0x49, 0x4E, 0x00, 0x00, 0x3A, 0x01, 0x04, 0x07,
    0x49, 0x4E, 0x00, 0x00, 0x3A, 0x01, 0x05, 0x07, 0x49, 0x4E, 0x00, 0x00, 0x3A, 0x01, 0x07, 0x07,
    0x49, 0x4E, 0x00, 0x00, 0x59, 0x62, 0x4E, 0x00, 0x00, 0x28, 0x01, 0x5B, 0x4E, 0x00, 0x00, 0x06,
    0x01, 0x3C, 0x62, 0x4E, 0x00, 0x00, 0x59, 0x64, 0x4E, 0x00, 0x00, 0x05, 0x01, 0x46, 0x64, 0x4E,
    0x00, 0x00, 0x04, 0xFE, 0x5A, 0x4A, 0x01, 0x14, 0x00, 0x9A, 0x4E, 0x00, 0x00, 0x22, 0x00, 0x13,
    0x07, 0x92, 0x4E, 0x00, 0x00, 0x22, 0x00, 0x13, 0x0E, 0x92, 0x4E, 0x00, 0x00, 0x22, 0x02, 0x13,
    0x07, 0x92, 0x4E, 0x00, 0x00, 0x22, 0x02, 0x13, 0x0E, 0x92, 0x4E, 0x00, 0x00, 0x59, 0x9A, 0x4E,
    0x00, 0x00, 0x00, 0x80, 0x9A, 0x4E, 0x00, 0x00, 0x04, 0x01, 0x5A, 0x28, 0x00, 0xA9, 0x4E, 0x00,
    0x00, 0x2F, 0x01, 0x13, 0x21, 0xD0, 0x4E, 0x00, 0x00, 0x05, 0x01, 0x28, 0xD7, 0x4E, 0x00, 0x00,
    0x36, 0x13, 0x03, 0xD0, 0x4E, 0x00, 0x00, 0x13, 0x00, 0xD0, 0x4E, 0x00, 0x00, 0x13, 0x02, 0xD0,
    0x4E, 0x00, 0x00, 0x2F, 0x01, 0x13, 0x2C, 0xD0, 0x4E, 0x00, 0x00, 0x59, 0xD9, 0x4E, 0x00, 0x00,
    0x04, 0x01, 0x59, 0xD9, 0x4E, 0x00, 0x00, 0x04, 0xFF, 0x5A, 0x05, 0x01, 0x28, 0x00, 0x4F, 0x00,
    0x00, 0x36, 0x13, 0x03, 0xF9, 0x4E, 0x00, 0x00, 0x13, 0x01, 0xF9, 0x4E, 0x00, 0x00, 0x13, 0x02,
    0xF9, 0x4E, 0x00, 0x00, 0x59, 0x02, 0x4F, 0x00, 0x00, 0x04, 0x01, 0x59, 0x02, 0x4F, 0x00, 0x00,
    0x04, 0xFF, 0x5A, 0x05, 0x01, 0x5A, 0x0F, 0x4F, 0x00, 0x00, 0x59, 0x11, 0x4F, 0x00, 0x00, 0x04,
    0xFE, 0x5A, 0x3A, 0x00, 0x01, 0x08, 0x3F, 0x4F, 0x00, 0x00, 0x3A, 0x00, 0x02, 0x08, 0x3F, 0x4F,
    0x00, 0x00, 0x3A, 0x00, 0x04, 0x08, 0x3F, 0x4F, 0x00, 0x00, 0x3A, 0x00, 0x05, 0x08, 0x3F, 0x4F,
    0x00, 0x00, 0x3A, 0x00, 0x07, 0x08, 0x3F, 0x4F, 0x00, 0x00, 0x59, 0x77, 0x4F, 0x00, 0x00, 0x39,
    0x01, 0x01, 0x07, 0x74, 0x4F, 0x00, 0x00, 0x39, 0x01, 0x02, 0x07, 0x74, 0x4F, 0x00, 0x00, 0x39,
    0x01, 0x04, 0x07, 0x74, 0x4F, 0x00, 0x00, 0x39, 0x01, 0x05, 0x07, 0x74, 0x4F, 0x00, 0x00, 0x39,
    0x01, 0x07, 0x07, 0x72, 0x4F, 0x00, 0x00, 0x00, 0x32, 0x79, 0x4F, 0x00, 0x00, 0x59, 0x77, 0x4F,
    0x00, 0x00, 0x04, 0x01, 0x04, 0x01, 0x5A, 0x04, 0xFE, 0x5A, 0x09, 0x00, 0x07, 0x00, 0x00, 0x00,
    0x1F, 0x50, 0x00, 0x00, 0x0B, 0x00, 0x00, 0x00, 0x0F, 0x00, 0x1F, 0x50, 0x00, 0x00, 0x0B, 0x00,
    0x07, 0x00, 0x00, 0x00, 0x1F, 0x50, 0x00, 0x00, 0x06, 0x01, 0x1E, 0xA7, 0x4F, 0x00, 0x00, 0x00,
    0x0A, 0xA7, 0x4F, 0x00, 0x00, 0x04, 0xFF, 0x06, 0x01, 0x32, 0xB6, 0x4F, 0x00, 0x00, 0x00, 0x64,
    0xB6, 0x4F, 0x00, 0x00, 0x04, 0xFF, 0x3F, 0x01, 0x44, 0x00, 0x16, 0x50, 0x00, 0x00, 0x25, 0x00,
    0x4F, 0x13, 0x00, 0xED, 0x4F, 0x00, 0x00, 0x5D, 0xD4, 0x4F, 0x00, 0x00, 0x00, 0x64, 0xD4, 0x4F,
    0x00, 0x00, 0x04, 0x01, 0x25, 0x00, 0x4E, 0x1C, 0x22, 0x50, 0x00, 0x00, 0x1F, 0x50, 0x00, 0x00,
    0x00, 0x64, 0x21, 0x50, 0x00, 0x00, 0x04, 0x01, 0x59, 0x21, 0x50, 0x00, 0x00, 0x5D, 0xFA, 0x4F,
    0x00, 0x00, 0x00, 0x64, 0xFA, 0x4F, 0x00, 0x00, 0x04, 0x01, 0x22, 0x00, 0x1B, 0x22, 0x50, 0x00,
    0x00, 0x21, 0x50, 0x00, 0x00, 0x22, 0x02, 0x1B, 0x22, 0x50, 0x00, 0x00, 0x21, 0x50, 0x00, 0x00,
    0x00, 0x32, 0x21, 0x50, 0x00, 0x00, 0x00, 0x64, 0x1E, 0x50, 0x00, 0x00, 0x04, 0x04, 0x5A, 0x04,
    0xFF, 0x5A, 0x0A, 0x0B, 0x0C, 0x0D, 0x0E, 0x0F, 0x10, 0x11, 0xFF, 0x31, 0x0A, 0x4C, 0x50, 0x00,
    0x00, 0x31, 0x14, 0x4C, 0x50, 0x00, 0x00, 0x41, 0x00, 0x6F, 0x4C, 0x50, 0x00, 0x00, 0x06, 0x01,
    0x26, 0x4E, 0x50, 0x00, 0x00, 0x04, 0xFF, 0x59, 0x4E, 0x50, 0x00, 0x00, 0x04, 0xFE, 0x5A, 0x42,
    0x00, 0x6F, 0x5D, 0x50, 0x00, 0x00, 0x04, 0xFF, 0x59, 0xD4, 0x50, 0x00, 0x00, 0x09, 0x00, 0x80,
    0x00, 0x00, 0x00, 0xCC, 0x50, 0x00, 0x00, 0x0B, 0x00, 0x00, 0x00, 0x00, 0x10, 0xCC, 0x50, 0x00,
    0x00, 0x0D, 0x00, 0x04, 0x00, 0x00, 0x00, 0xCC, 0x50, 0x00, 0x00, 0x36, 0x13, 0x03, 0x8D, 0x50,
    0x00, 0x00, 0x13, 0x02, 0xA8, 0x50, 0x00, 0x00, 0x59, 0xB8, 0x50, 0x00, 0x00, 0x22, 0x01, 0x1B,
    0xD5, 0x50, 0x00, 0x00, 0xCC, 0x50, 0x00, 0x00, 0x22, 0x03, 0x1B, 0xD5, 0x50, 0x00, 0x00, 0xCC,
    0x50, 0x00, 0x00, 0x59, 0xB8, 0x50, 0x00, 0x00, 0x22, 0x01, 0x13, 0x0F, 0xCC, 0x50, 0x00, 0x00,
    0x22, 0x03, 0x13, 0x0F, 0xCC, 0x50, 0x00, 0x00, 0x28, 0x01, 0xD4, 0x50, 0x00, 0x00, 0x25, 0x00,
    0x50, 0x14, 0x5E, 0xCC, 0x50, 0x00, 0x00, 0x59, 0xD4, 0x50, 0x00, 0x00, 0x00, 0x50, 0xD4, 0x50,
    0x00, 0x00, 0x04, 0x01, 0x5A, 0x04, 0x05, 0x08, 0xFF, 0x04, 0x02, 0x5A, 0x4B, 0x01, 0x11, 0x02,
    0xEC, 0x50, 0x00, 0x00, 0x00, 0x50, 0xEC, 0x50, 0x00, 0x00, 0x04, 0x02, 0x5A, 0x05, 0x01, 0x28,
    0x13, 0x51, 0x00, 0x00, 0x36, 0x13, 0x00, 0x0C, 0x51, 0x00, 0x00, 0x13, 0x01, 0x0C, 0x51, 0x00,
    0x00, 0x13, 0x02, 0x0C, 0x51, 0x00, 0x00, 0x59, 0x15, 0x51, 0x00, 0x00, 0x04, 0x01, 0x59, 0x15,
    0x51, 0x00, 0x00, 0x04, 0xFF, 0x5A, 0x0A, 0x00, 0xD8, 0x00, 0x00, 0x00, 0x22, 0x51, 0x00, 0x00,
    0x04, 0x01, 0x5A, 0x31, 0x0A, 0x62, 0x51, 0x00, 0x00, 0x31, 0x14, 0x62, 0x51, 0x00, 0x00, 0x09,
    0x00, 0x07, 0x00, 0x00, 0x00, 0x79, 0x51, 0x00, 0x00, 0x0B, 0x00, 0x00, 0x00, 0x0F, 0x00, 0x69,
    0x51, 0x00, 0x00, 0x0B, 0x00, 0x07, 0x00, 0x00, 0x00, 0x69, 0x51, 0x00, 0x00, 0x4A, 0x01, 0x14,
    0x00, 0x7B, 0x51, 0x00, 0x00, 0x00, 0x64, 0x7B, 0x51, 0x00, 0x00, 0x04, 0x01, 0x59, 0x7B, 0x51,
    0x00, 0x00, 0x04, 0xFF, 0x59, 0x7B, 0x51, 0x00, 0x00, 0x00, 0x64, 0x7B, 0x51, 0x00, 0x00, 0x0B,
    0x01, 0x00, 0x00, 0x00, 0x01, 0xCA, 0x3D, 0x00, 0x00, 0x04, 0x01, 0x5A, 0x09, 0x00, 0x40, 0x00,
    0x00, 0x00, 0x8B, 0x51, 0x00, 0x00, 0x59, 0x8D, 0x51, 0x00, 0x00, 0x04, 0x01, 0x5A, 0x48, 0x01,
    0x1B, 0xD7, 0x51, 0x00, 0x00, 0xA9, 0x51, 0x00, 0x00, 0x1B, 0xCF, 0x51, 0x00, 0x00, 0xBB, 0x51,
    0x00, 0x00, 0x04, 0xFD, 0x59, 0xCE, 0x51, 0x00, 0x00, 0x48, 0x00, 0x1B, 0xD7, 0x51, 0x00, 0x00,
    0xA2, 0x51, 0x00, 0x00, 0x04, 0x05, 0x59, 0xCE, 0x51, 0x00, 0x00, 0x48, 0x00, 0x1B, 0xCF, 0x51,
    0x00, 0x00, 0xA2, 0x51, 0x00, 0x00, 0x00, 0x32, 0xCE, 0x51, 0x00, 0x00, 0x04, 0x02, 0x5A, 0x0A,
    0x0B, 0x0C, 0x0D, 0x0E, 0x18, 0x1D, 0xFF, 0x1D, 0xFF, 0x2F, 0x01, 0x1B, 0xFF, 0x51, 0x00, 0x00,
    0xEF, 0x51, 0x00, 0x00, 0x2F, 0x00, 0x1B, 0xFF, 0x51, 0x00, 0x00, 0xF6, 0x51, 0x00, 0x00, 0x04,
    0xFF, 0x59, 0xFE, 0x51, 0x00, 0x00, 0x00, 0x32, 0xFE, 0x51, 0x00, 0x00, 0x04, 0x02, 0x5A, 0x03,
    0x04, 0x08, 0x09, 0x12, 0x19, 0x1B, 0x21, 0x25, 0x2C, 0x38, 0x3D, 0x3F, 0x4A, 0x22, 0x13, 0xFF,
    0x31, 0x0A, 0x3D, 0x52, 0x00, 0x00, 0x31, 0x14, 0x3D, 0x52, 0x00, 0x00, 0x39, 0x01, 0x01, 0x06,
    0x3D, 0x52, 0x00, 0x00, 0x28, 0x01, 0x36, 0x52, 0x00, 0x00, 0x06, 0x01, 0x28, 0x3D, 0x52, 0x00,
    0x00, 0x59, 0x3F, 0x52, 0x00, 0x00, 0x05, 0x01, 0x3C, 0x3F, 0x52, 0x00, 0x00, 0x04, 0xFF, 0x5A,
    0x06, 0x00, 0x1E, 0x4F, 0x52, 0x00, 0x00, 0x00, 0x64, 0x4F, 0x52, 0x00, 0x00, 0x04, 0xFF, 0x4A,
    0x01, 0x13, 0x00, 0x6A, 0x52, 0x00, 0x00, 0x00, 0x96, 0x72, 0x52, 0x00, 0x00, 0x04, 0x01, 0x59,
    0x72, 0x52, 0x00, 0x00, 0x00, 0x32, 0x72, 0x52, 0x00, 0x00, 0x00, 0x1E, 0x72, 0x52, 0x00, 0x00,
    0x04, 0xFF, 0x5A, 0x4D, 0x01, 0x1C, 0x8E, 0x52, 0x00, 0x00, 0x8B, 0x52, 0x00, 0x00, 0x00, 0x32,
    0x8D, 0x52, 0x00, 0x00, 0x04, 0x01, 0x59, 0x8D, 0x52, 0x00, 0x00, 0x04, 0xFE, 0x5A, 0x86, 0x8D,
    0xAE, 0xFF, 0x09, 0x00, 0x07, 0x00, 0x00, 0x00, 0xBD, 0x52, 0x00, 0x00, 0x0B, 0x00, 0x00, 0x00,
    0x0F, 0x00, 0xBD, 0x52, 0x00, 0x00, 0x0B, 0x00, 0x07, 0x00, 0x00, 0x00, 0xBD, 0x52, 0x00, 0x00,
    0x00, 0xB4, 0xBD, 0x52, 0x00, 0x00, 0x04, 0x02, 0x59, 0xBF, 0x52, 0x00, 0x00, 0x04, 0xFE, 0x5A,
    0x0F, 0x00, 0x01, 0x00, 0x00, 0x00, 0xCF, 0x52, 0x00, 0x00, 0x59, 0xD1, 0x52, 0x00, 0x00, 0x04,
    0x01, 0x5A, 0x05, 0x00, 0x1E, 0xE9, 0x52, 0x00, 0x00, 0x4A, 0x01, 0x12, 0x00, 0xE9, 0x52, 0x00,
    0x00, 0x00, 0xB4, 0xE9, 0x52, 0x00, 0x00, 0x04, 0x01, 0x5A, 0x05, 0x00, 0x46, 0x13, 0x53, 0x00,
    0x00, 0x28, 0x01, 0x05, 0x53, 0x00, 0x00, 0x06, 0x01, 0x28, 0x13, 0x53, 0x00, 0x00, 0x04, 0x01,
    0x59, 0x15, 0x53, 0x00, 0x00, 0x06, 0x01, 0x32, 0x13, 0x53, 0x00, 0x00, 0x04, 0x01, 0x59, 0x15,
    0x53, 0x00, 0x00, 0x04, 0xFF, 0x5A, 0x31, 0x0A, 0x3B, 0x53, 0x00, 0x00, 0x31, 0x14, 0x3B, 0x53,
    0x00, 0x00, 0x28, 0x01, 0x34, 0x53, 0x00, 0x00, 0x06, 0x00, 0x32, 0x3D, 0x53, 0x00, 0x00, 0x59,
    0x3B, 0x53, 0x00, 0x00, 0x06, 0x00, 0x46, 0x3D, 0x53, 0x00, 0x00, 0x04, 0xFF, 0x5A, 0x4A, 0x01,
    0x12, 0x00, 0x4E, 0x53, 0x00, 0x00, 0x00, 0x64, 0x4E, 0x53, 0x00, 0x00, 0x04, 0x02, 0x5A, 0x05,
    0x00, 0x32, 0x5B, 0x53, 0x00, 0x00, 0x59, 0x5D, 0x53, 0x00, 0x00, 0x04, 0xFF, 0x5A, 0x4A, 0x01,
    0x13, 0x01, 0xA5, 0x53, 0x00, 0x00, 0x00, 0x1E, 0xC7, 0x53, 0x00, 0x00, 0x28, 0x01, 0x8B, 0x53,
    0x00, 0x00, 0x08, 0x01, 0x64, 0xBF, 0x53, 0x00, 0x00, 0x05, 0x00, 0x46, 0xBF, 0x53, 0x00, 0x00,
    0x00, 0x3C, 0xC7, 0x53, 0x00, 0x00, 0x59, 0xBF, 0x53, 0x00, 0x00, 0x06, 0x00, 0x19, 0xBF, 0x53,
    0x00, 0x00, 0x41, 0x00, 0x20, 0xA5, 0x53, 0x00, 0x00, 0x41, 0x00, 0x9C, 0xA5, 0x53, 0x00, 0x00,
    0x59, 0xB2, 0x53, 0x00, 0x00, 0x00, 0x96, 0xC7, 0x53, 0x00, 0x00, 0x04, 0x02, 0x59, 0xC7, 0x53,
    0x00, 0x00, 0x00, 0xE6, 0xBF, 0x53, 0x00, 0x00, 0x04, 0x01, 0x59, 0xC7, 0x53, 0x00, 0x00, 0x00,
    0x1E, 0xC7, 0x53, 0x00, 0x00, 0x04, 0xFE, 0x5A, 0x05, 0x01, 0x32, 0xEB, 0x53, 0x00, 0x00, 0x22,
    0x00, 0x13, 0x0D, 0xE4, 0x53, 0x00, 0x00, 0x22, 0x02, 0x13, 0x0D, 0xE4, 0x53, 0x00, 0x00, 0x59,
    0xEB, 0x53, 0x00, 0x00, 0x04, 0x01, 0x59, 0xED, 0x53, 0x00, 0x00, 0x04, 0xFF, 0x5A, 0x31, 0x0A,
    0x13, 0x54, 0x00, 0x00, 0x31, 0x14, 0x13, 0x54, 0x00, 0x00, 0x28, 0x01, 0x0C, 0x54, 0x00, 0x00,
    0x06, 0x01, 0x3C, 0x15, 0x54, 0x00, 0x00, 0x59, 0x13, 0x54, 0x00, 0x00, 0x06, 0x01, 0x50, 0x15,
    0x54, 0x00, 0x00, 0x04, 0xFF, 0x5A, 0x05, 0x01, 0x32, 0x39, 0x54, 0x00, 0x00, 0x22, 0x00, 0x13,
    0x0A, 0x32, 0x54, 0x00, 0x00, 0x22, 0x02, 0x13, 0x0A, 0x32, 0x54, 0x00, 0x00, 0x59, 0x39, 0x54,
    0x00, 0x00, 0x04, 0x01, 0x59, 0x3B, 0x54, 0x00, 0x00, 0x04, 0xFF, 0x5A, 0x28, 0x01, 0x56, 0x54,
    0x00, 0x00, 0x06, 0x01, 0x32, 0x5E, 0x54, 0x00, 0x00, 0x00, 0x46, 0x5E, 0x54, 0x00, 0x00, 0x04,
    0xFF, 0x59, 0x5E, 0x54, 0x00, 0x00, 0x00, 0x80, 0x5E, 0x54, 0x00, 0x00, 0x04, 0x01, 0x5A, 0x5E,
    0x6E, 0x59, 0x00, 0x00, 0x3D, 0x80, 0x54, 0x00, 0x00, 0x24, 0x13, 0x01, 0xA9, 0x3D, 0x00, 0x00,
    0x31, 0xA0, 0x77, 0x54, 0x00, 0x00, 0x5A, 0x00, 0x50, 0x90, 0x54, 0x00, 0x00, 0x04, 0x02, 0x5A,
    0x37, 0x07, 0x90, 0x54, 0x00, 0x00, 0x38, 0x67, 0x8E, 0x54, 0x00, 0x00, 0x04, 0x02, 0x04, 0x04,
    0x5A, 0x5E, 0x6E, 0x59, 0x00, 0x00, 0x21, 0x14, 0x00, 0xAF, 0x54, 0x00, 0x00, 0x2E, 0x1C, 0xB0,
    0x54, 0x00, 0x00, 0xAF, 0x54, 0x00, 0x00, 0x00, 0x50, 0xAF, 0x54, 0x00, 0x00, 0x04, 0x02, 0x5A,
    0x0A, 0x0B, 0x0C, 0x0D, 0x0E, 0x0F, 0x10, 0x12, 0x13, 0x14, 0x15, 0x16, 0x17, 0x18, 0x1E, 0x23,
    0x36, 0x2F, 0x31, 0x32, 0x33, 0x34, 0x35, 0x36, 0x37, 0x38, 0x3A, 0x3B, 0x3C, 0x3D, 0x3E, 0x3F,
    0x40, 0x41, 0x42, 0x43, 0x4F, 0x54, 0x6C, 0x6D, 0x76, 0xD5, 0xBB, 0x9C, 0xA5, 0xA6, 0xA7, 0xB5,
    0xC0, 0xC7, 0xCD, 0xCE, 0xD0, 0xD3, 0xD5, 0xFF, 0x5E, 0x6E, 0x59, 0x00, 0x00, 0x24, 0x14, 0x00,
    0xFC, 0x54, 0x00, 0x00, 0x00, 0x64, 0xFC, 0x54, 0x00, 0x00, 0x04, 0x02, 0x5A, 0x5E, 0x6E, 0x59,
    0x00, 0x00, 0x2E, 0x1C, 0x15, 0x55, 0x00, 0x00, 0x14, 0x55, 0x00, 0x00, 0x00, 0x80, 0x14, 0x55,
    0x00, 0x00, 0x04, 0x02, 0x5A, 0x01, 0x07, 0x09, 0x26, 0x2B, 0x31, 0x53, 0x58, 0x59, 0x62, 0x76,
    0x78, 0x7A, 0x8C, 0x8E, 0x90, 0xAA, 0xB9, 0xC7, 0xFF, 0x5E, 0x6E, 0x59, 0x00, 0x00, 0x2C, 0x01,
    0x13, 0x00, 0xD3, 0x55, 0x00, 0x00, 0x24, 0x14, 0x00, 0xD3, 0x55, 0x00, 0x00, 0x41, 0x01, 0x7F,
    0x4A, 0x55, 0x00, 0x00, 0x00, 0x50, 0x14, 0x55, 0x00, 0x00, 0x19, 0x0E, 0x00, 0x74, 0x55, 0x00,
    0x00, 0x19, 0x5D, 0x01, 0x74, 0x55, 0x00, 0x00, 0x19, 0x5B, 0x01, 0x74, 0x55, 0x00, 0x00, 0x37,
    0x6F, 0x87, 0x55, 0x00, 0x00, 0x19, 0xE2, 0x00, 0x9B, 0x55, 0x00, 0x00, 0x00, 0x14, 0x14, 0x55,
    0x00, 0x00, 0x04, 0x03, 0x21, 0x13, 0x00, 0xCA, 0x3D, 0x00, 0x00, 0x05, 0x01, 0x3C, 0xB8, 0x3D,
    0x00, 0x00, 0x59, 0xC1, 0x3D, 0x00, 0x00, 0x25, 0x01, 0x1D, 0x95, 0x55, 0x00, 0x00, 0xAC, 0x3D,
    0x00, 0x00, 0x04, 0x02, 0x5A, 0xB6, 0x00, 0xC5, 0x00, 0xFF, 0xFF, 0x21, 0x13, 0x00, 0xAC, 0x3D,
    0x00, 0x00, 0x3A, 0x01, 0x01, 0x08, 0xC7, 0x3D, 0x00, 0x00, 0x3A, 0x01, 0x01, 0x07, 0xC4, 0x3D,
    0x00, 0x00, 0x3A, 0x01, 0x01, 0x06, 0xC1, 0x3D, 0x00, 0x00, 0x3A, 0x01, 0x04, 0x08, 0xC7, 0x3D,
    0x00, 0x00, 0x3A, 0x01, 0x04, 0x07, 0xC4, 0x3D, 0x00, 0x00, 0x3A, 0x01, 0x04, 0x06, 0xC1, 0x3D,
    0x00, 0x00, 0x5A, 0x5A, 0x5E, 0xA5, 0x56, 0x00, 0x00, 0x19, 0x1D, 0x01, 0x6B, 0x56, 0x00, 0x00,
    0x22, 0x04, 0x19, 0x59, 0x00, 0x30, 0x56, 0x00, 0x00, 0x19, 0xDE, 0x00, 0x30, 0x56, 0x00, 0x00,
    0x13, 0x0D, 0x82, 0x56, 0x00, 0x00, 0x13, 0x0A, 0x99, 0x56, 0x00, 0x00, 0x2F, 0x01, 0x14, 0x3E,
    0x15, 0x56, 0x00, 0x00, 0x3F, 0x03, 0x0E, 0x01, 0x0D, 0x56, 0x00, 0x00, 0x5A, 0x24, 0x14, 0x00,
    0xC1, 0x3D, 0x00, 0x00, 0x5A, 0x09, 0x01, 0xFF, 0x00, 0x00, 0x00, 0x20, 0x56, 0x00, 0x00, 0x5A,
    0x24, 0x13, 0x00, 0xB2, 0x3D, 0x00, 0x00, 0x04, 0x01, 0x13, 0x02, 0xC4, 0x3D, 0x00, 0x00, 0x5A,
    0x60, 0x03, 0x1A, 0x13, 0x01, 0xC4, 0x3D, 0x00, 0x00, 0x5F, 0x03, 0x02, 0x13, 0x01, 0xC4, 0x3D,
    0x00, 0x00, 0x5F, 0x03, 0x0A, 0x13, 0x01, 0xB8, 0x3D, 0x00, 0x00, 0x5F, 0x03, 0x0D, 0x13, 0x01,
    0xB8, 0x3D, 0x00, 0x00, 0x5F, 0x03, 0x03, 0x13, 0x01, 0xB8, 0x3D, 0x00, 0x00, 0x5F, 0x03, 0x05,
    0x13, 0x01, 0xB8, 0x3D, 0x00, 0x00, 0x59, 0xAF, 0x3D, 0x00, 0x00, 0x2F, 0x01, 0x13, 0x36, 0xCA,
    0x3D, 0x00, 0x00, 0x2F, 0x00, 0x13, 0x17, 0xC4, 0x3D, 0x00, 0x00, 0x13, 0x4A, 0xC4, 0x3D, 0x00,
    0x00, 0x5A, 0x60, 0x02, 0x1F, 0x13, 0x00, 0x98, 0x56, 0x00, 0x00, 0x04, 0xFE, 0x5F, 0x02, 0x04,
    0x13, 0x00, 0x98, 0x56, 0x00, 0x00, 0x04, 0xF8, 0x5A, 0x61, 0x01, 0xA0, 0x56, 0x00, 0x00, 0x5A,
    0x59, 0xC1, 0x3D, 0x00, 0x00, 0x24, 0x13, 0x00, 0xD2, 0x56, 0x00, 0x00, 0x22, 0x04, 0x13, 0x0A,
    0xB9, 0x56, 0x00, 0x00, 0x59, 0xBE, 0x3D, 0x00, 0x00, 0x60, 0x03, 0x12, 0x13, 0x01, 0xC7, 0x56,
    0x00, 0x00, 0x59, 0xB4, 0x56, 0x00, 0x00, 0x61, 0x03, 0xB4, 0x56, 0x00, 0x00, 0x59, 0xC7, 0x3D,
    0x00, 0x00, 0x19, 0x1D, 0x01, 0xFA, 0x56, 0x00, 0x00, 0x19, 0x05, 0x01, 0x6F, 0x57, 0x00, 0x00,
    0x19, 0x5C, 0x00, 0x6F, 0x57, 0x00, 0x00, 0x19, 0x0E, 0x01, 0x8D, 0x57, 0x00, 0x00, 0x19, 0xCF,
    0x00, 0x98, 0x57, 0x00, 0x00, 0x59, 0xB0, 0x57, 0x00, 0x00, 0x2F, 0x00, 0x13, 0x36, 0xCD, 0x3D,
    0x00, 0x00, 0x2F, 0x01, 0x14, 0x1A, 0x27, 0x57, 0x00, 0x00, 0x2F, 0x00, 0x13, 0x1A, 0xB0, 0x57,
    0x00, 0x00, 0x22, 0x00, 0x14, 0x0D, 0x27, 0x57, 0x00, 0x00, 0x04, 0x01, 0x22, 0x02, 0x14, 0x0D,
    0x27, 0x57, 0x00, 0x00, 0x04, 0x01, 0x5A, 0x14, 0x0E, 0xB0, 0x57, 0x00, 0x00, 0x3F, 0x03, 0x7E,
    0x00, 0x6A, 0x57, 0x00, 0x00, 0x3F, 0x03, 0x57, 0x00, 0x6A, 0x57, 0x00, 0x00, 0x3F, 0x03, 0xEE,
    0x00, 0x6A, 0x57, 0x00, 0x00, 0x3F, 0x03, 0x38, 0x00, 0x6A, 0x57, 0x00, 0x00, 0x3F, 0x03, 0xDF,
    0x00, 0x6A, 0x57, 0x00, 0x00, 0x3F, 0x03, 0x3B, 0x00, 0x6A, 0x57, 0x00, 0x00, 0x3F, 0x03, 0xE0,
    0x00, 0x6A, 0x57, 0x00, 0x00, 0x59, 0xB0, 0x57, 0x00, 0x00, 0x59, 0xC7, 0x3D, 0x00, 0x00, 0x2F,
    0x00, 0x14, 0x3E, 0xB0, 0x57, 0x00, 0x00, 0x09, 0x00, 0xFF, 0x00, 0x00, 0x00, 0xB0, 0x57, 0x00,
    0x00, 0x05, 0x01, 0x5B, 0xB0, 0x57, 0x00, 0x00, 0x59, 0xCA, 0x3D, 0x00, 0x00, 0x00, 0x40, 0xA9,
    0x3D, 0x00, 0x00, 0x59, 0xC4, 0x3D, 0x00, 0x00, 0x62, 0x00, 0x8C, 0x00, 0xA5, 0x57, 0x00, 0x00,
    0x59, 0xB0, 0x57, 0x00, 0x00, 0x3A, 0x00, 0x01, 0x07, 0xAF, 0x57, 0x00, 0x00, 0x04, 0x03, 0x5A,
    0x04, 0xE2, 0x5A, 0x5E, 0xA5, 0x56, 0x00, 0x00, 0x06, 0x01, 0x46, 0xD5, 0x57, 0x00, 0x00, 0x06,
    0x01, 0x1E, 0xE4, 0x57, 0x00, 0x00, 0x2E, 0x1B, 0x78, 0x58, 0x00, 0x00, 0xF3, 0x57, 0x00, 0x00,
    0x59, 0xFB, 0x57, 0x00, 0x00, 0x2E, 0x1B, 0x3F, 0x58, 0x00, 0x00, 0xF3, 0x57, 0x00, 0x00, 0x59,
    0xFB, 0x57, 0x00, 0x00, 0x2E, 0x1B, 0x4D, 0x58, 0x00, 0x00, 0xF3, 0x57, 0x00, 0x00, 0x59, 0xFB,
    0x57, 0x00, 0x00, 0x00, 0x32, 0xFB, 0x57, 0x00, 0x00, 0x04, 0xFE, 0x06, 0x00, 0x46, 0x18, 0x58,
    0x00, 0x00, 0x06, 0x00, 0x1E, 0x27, 0x58, 0x00, 0x00, 0x2E, 0x1B, 0xD1, 0x58, 0x00, 0x00, 0x36,
    0x58, 0x00, 0x00, 0x59, 0x3E, 0x58, 0x00, 0x00, 0x2E, 0x1B, 0xA8, 0x58, 0x00, 0x00, 0x36, 0x58,
    0x00, 0x00, 0x59, 0x3E, 0x58, 0x00, 0x00, 0x2E, 0x1B, 0xA9, 0x58, 0x00, 0x00, 0x36, 0x58, 0x00,
    0x00, 0x59, 0x3E, 0x58, 0x00, 0x00, 0x00, 0x32, 0x3E, 0x58, 0x00, 0x00, 0x04, 0xFE, 0x5A, 0x07,
    0x20, 0x25, 0x62, 0x63, 0x74, 0x84, 0x85, 0x86, 0x9D, 0xA8, 0xC2, 0xCC, 0xFF, 0x07, 0x0A, 0x0B,
    0x0C, 0x0D, 0x0E, 0x0F, 0x10, 0x12, 0x13, 0x14, 0x15, 0x16, 0x17, 0x18, 0x1A, 0x1E, 0x23, 0x2E,
    0x2F, 0x32, 0x33, 0x34, 0x35, 0x36, 0x37, 0x38, 0x3A, 0x3B, 0x3C, 0x3D, 0x3E, 0x3F, 0x40, 0x5D,
    0x7C, 0x8E, 0xCD, 0xCE, 0xD0, 0xD3, 0xD4, 0xFF, 0x0A, 0x0B, 0x0C, 0x0D, 0x0E, 0x0F, 0x10, 0x12,
    0x13, 0x14, 0x15, 0x16, 0x17, 0x18, 0x1A, 0x1E, 0x23, 0x2E, 0x2F, 0x32, 0x33, 0x34, 0x35, 0x36,
    0x37, 0x38, 0x3A, 0x3B, 0x3C, 0x3D, 0x3E, 0x3F, 0x40, 0x51, 0x5D, 0x5E, 0x7C, 0x8E, 0x8F, 0x90,
    0x97, 0xBE, 0xCD, 0xCE, 0xD0, 0xD3, 0xD4, 0xFF, 0xFF, 0x0A, 0x0B, 0x0C, 0x0D, 0x0E, 0x0F, 0x10,
    0x12, 0x13, 0x14, 0x15, 0x16, 0x17, 0x18, 0x2E, 0x2F, 0x32, 0x33, 0x34, 0x35, 0x36, 0x37, 0x38,
    0x3A, 0x3B, 0x3C, 0x3D, 0x3E, 0x3F, 0x40, 0x42, 0x5B, 0x72, 0x7C, 0xCD, 0xCE, 0xD0, 0xD3, 0xD4,
    0xFF, 0x01, 0x07, 0x0A, 0x0B, 0x0C, 0x0D, 0x0E, 0x0F, 0x10, 0x12, 0x13, 0x14, 0x15, 0x16, 0x17,
    0x18, 0x1A, 0x1E, 0x21, 0x23, 0x26, 0x28, 0x28, 0x2E, 0x2F, 0x31, 0x32, 0x33, 0x34, 0x35, 0x36,
    0x37, 0x38, 0x3A, 0x3B, 0x3C, 0x3D, 0x3E, 0x3F, 0x40, 0x42, 0x43, 0x5B, 0x5D, 0x5E, 0x64, 0x72,
    0x76, 0x77, 0x78, 0x7C, 0x8F, 0x90, 0xA7, 0xCD, 0xCE, 0xD0, 0xD3, 0xD4, 0xFF, 0x5E, 0xA5, 0x56,
    0x00, 0x00, 0x38, 0x89, 0x28, 0x59, 0x00, 0x00, 0x13, 0x00, 0x28, 0x59, 0x00, 0x00, 0x4A, 0x01,
    0x13, 0x00, 0x28, 0x59, 0x00, 0x00, 0x04, 0x05, 0x5A, 0x0B, 0x01, 0x00, 0xE0, 0x00, 0x00, 0x56,
    0x59, 0x00, 0x00, 0x0B, 0x01, 0x00, 0x00, 0x00, 0x04, 0x56, 0x59, 0x00, 0x00, 0x2F, 0x00, 0x13,
    0x17, 0x56, 0x59, 0x00, 0x00, 0x2F, 0x01, 0x13, 0x1A, 0x55, 0x59, 0x00, 0x00, 0x2F, 0x00, 0x13,
    0x47, 0x56, 0x59, 0x00, 0x00, 0x45, 0x5A, 0x46, 0x5D, 0x59, 0x00, 0x00, 0x47, 0x45, 0x07, 0x00,
    0x14, 0x6D, 0x59, 0x00, 0x00, 0x05, 0x00, 0x14, 0x6D, 0x59, 0x00, 0x00, 0x5A, 0x45, 0x5A, 
};

const u8 * const gBattleScriptBase = gBattleScriptData;
const uint32_t gBattleScriptDataSize = sizeof(gBattleScriptData);

/* Real effect->script lookup (overrides data_stubs.c stub) */
const u8 *const gBattleScriptsForMoveEffects[214] = {
    /* [0] BattleScript_EffectHit */ &gBattleScriptData[856],
    /* [1] BattleScript_EffectSleep */ &gBattleScriptData[965],
    /* [2] BattleScript_EffectPoisonHit */ &gBattleScriptData[1079],
    /* [3] BattleScript_EffectAbsorb */ &gBattleScriptData[1090],
    /* [4] BattleScript_EffectBurnHit */ &gBattleScriptData[1200],
    /* [5] BattleScript_EffectFreezeHit */ &gBattleScriptData[1211],
    /* [6] BattleScript_EffectParalyzeHit */ &gBattleScriptData[1222],
    /* [7] BattleScript_EffectExplosion */ &gBattleScriptData[1233],
    /* [8] BattleScript_EffectDreamEater */ &gBattleScriptData[1361],
    /* [9] BattleScript_EffectMirrorMove */ &gBattleScriptData[1466],
    /* [10] BattleScript_EffectAttackUp */ &gBattleScriptData[1490],
    /* [11] BattleScript_EffectDefenseUp */ &gBattleScriptData[1501],
    /* [12] BattleScript_EffectHit */ &gBattleScriptData[856],
    /* [13] BattleScript_EffectSpecialAttackUp */ &gBattleScriptData[1512],
    /* [14] BattleScript_EffectHit */ &gBattleScriptData[856],
    /* [15] BattleScript_EffectHit */ &gBattleScriptData[856],
    /* [16] BattleScript_EffectEvasionUp */ &gBattleScriptData[1523],
    /* [17] BattleScript_EffectHit */ &gBattleScriptData[856],
    /* [18] BattleScript_EffectAttackDown */ &gBattleScriptData[1596],
    /* [19] BattleScript_EffectDefenseDown */ &gBattleScriptData[1607],
    /* [20] BattleScript_EffectSpeedDown */ &gBattleScriptData[1618],
    /* [21] BattleScript_EffectHit */ &gBattleScriptData[856],
    /* [22] BattleScript_EffectHit */ &gBattleScriptData[856],
    /* [23] BattleScript_EffectAccuracyDown */ &gBattleScriptData[1629],
    /* [24] BattleScript_EffectEvasionDown */ &gBattleScriptData[1640],
    /* [25] BattleScript_EffectHaze */ &gBattleScriptData[1741],
    /* [26] BattleScript_EffectBide */ &gBattleScriptData[1758],
    /* [27] BattleScript_EffectRampage */ &gBattleScriptData[1778],
    /* [28] BattleScript_EffectRoar */ &gBattleScriptData[1804],
    /* [29] BattleScript_EffectMultiHit */ &gBattleScriptData[1858],
    /* [30] BattleScript_EffectConversion */ &gBattleScriptData[2054],
    /* [31] BattleScript_EffectFlinchHit */ &gBattleScriptData[2075],
    /* [32] BattleScript_EffectRestoreHp */ &gBattleScriptData[2086],
    /* [33] BattleScript_EffectToxic */ &gBattleScriptData[2121],
    /* [34] BattleScript_EffectPayDay */ &gBattleScriptData[2261],
    /* [35] BattleScript_EffectLightScreen */ &gBattleScriptData[2272],
    /* [36] BattleScript_EffectTriAttack */ &gBattleScriptData[2281],
    /* [37] BattleScript_EffectRest */ &gBattleScriptData[2292],
    /* [38] BattleScript_EffectOHKO */ &gBattleScriptData[2367],
    /* [39] BattleScript_EffectRazorWind */ &gBattleScriptData[2416],
    /* [40] BattleScript_EffectSuperFang */ &gBattleScriptData[2545],
    /* [41] BattleScript_EffectDragonRage */ &gBattleScriptData[2568],
    /* [42] BattleScript_EffectTrap */ &gBattleScriptData[2615],
    /* [43] BattleScript_EffectHit */ &gBattleScriptData[856],
    /* [44] BattleScript_EffectDoubleHit */ &gBattleScriptData[2664],
    /* [45] BattleScript_EffectRecoilIfMiss */ &gBattleScriptData[2688],
    /* [46] BattleScript_EffectMist */ &gBattleScriptData[2769],
    /* [47] BattleScript_EffectFocusEnergy */ &gBattleScriptData[2788],
    /* [48] BattleScript_EffectRecoil */ &gBattleScriptData[2817],
    /* [49] BattleScript_EffectConfuse */ &gBattleScriptData[2842],
    /* [50] BattleScript_EffectAttackUp2 */ &gBattleScriptData[2922],
    /* [51] BattleScript_EffectDefenseUp2 */ &gBattleScriptData[2933],
    /* [52] BattleScript_EffectSpeedUp2 */ &gBattleScriptData[2944],
    /* [53] BattleScript_EffectSpecialAttackUp2 */ &gBattleScriptData[2955],
    /* [54] BattleScript_EffectSpecialDefenseUp2 */ &gBattleScriptData[2966],
    /* [55] BattleScript_EffectHit */ &gBattleScriptData[856],
    /* [56] BattleScript_EffectHit */ &gBattleScriptData[856],
    /* [57] BattleScript_EffectTransform */ &gBattleScriptData[2977],
    /* [58] BattleScript_EffectAttackDown2 */ &gBattleScriptData[2996],
    /* [59] BattleScript_EffectDefenseDown2 */ &gBattleScriptData[3007],
    /* [60] BattleScript_EffectSpeedDown2 */ &gBattleScriptData[3018],
    /* [61] BattleScript_EffectHit */ &gBattleScriptData[856],
    /* [62] BattleScript_EffectSpecialDefenseDown2 */ &gBattleScriptData[3029],
    /* [63] BattleScript_EffectHit */ &gBattleScriptData[856],
    /* [64] BattleScript_EffectHit */ &gBattleScriptData[856],
    /* [65] BattleScript_EffectReflect */ &gBattleScriptData[3040],
    /* [66] BattleScript_EffectPoison */ &gBattleScriptData[3059],
    /* [67] BattleScript_EffectParalyze */ &gBattleScriptData[3156],
    /* [68] BattleScript_EffectAttackDownHit */ &gBattleScriptData[3284],
    /* [69] BattleScript_EffectDefenseDownHit */ &gBattleScriptData[3295],
    /* [70] BattleScript_EffectSpeedDownHit */ &gBattleScriptData[3306],
    /* [71] BattleScript_EffectSpecialAttackDownHit */ &gBattleScriptData[3317],
    /* [72] BattleScript_EffectSpecialDefenseDownHit */ &gBattleScriptData[3328],
    /* [73] BattleScript_EffectAccuracyDownHit */ &gBattleScriptData[3339],
    /* [74] BattleScript_EffectHit */ &gBattleScriptData[856],
    /* [75] BattleScript_EffectSkyAttack */ &gBattleScriptData[3350],
    /* [76] BattleScript_EffectConfuseHit */ &gBattleScriptData[3390],
    /* [77] BattleScript_EffectTwineedle */ &gBattleScriptData[3401],
    /* [78] BattleScript_EffectHit */ &gBattleScriptData[856],
    /* [79] BattleScript_EffectSubstitute */ &gBattleScriptData[3425],
    /* [80] BattleScript_EffectRecharge */ &gBattleScriptData[3495],
    /* [81] BattleScript_EffectRage */ &gBattleScriptData[3525],
    /* [82] BattleScript_EffectMimic */ &gBattleScriptData[3564],
    /* [83] BattleScript_EffectMetronome */ &gBattleScriptData[3602],
    /* [84] BattleScript_EffectLeechSeed */ &gBattleScriptData[3622],
    /* [85] BattleScript_EffectSplash */ &gBattleScriptData[3661],
    /* [86] BattleScript_EffectDisable */ &gBattleScriptData[3679],
    /* [87] BattleScript_EffectLevelDamage */ &gBattleScriptData[3707],
    /* [88] BattleScript_EffectPsywave */ &gBattleScriptData[3731],
    /* [89] BattleScript_EffectCounter */ &gBattleScriptData[3755],
    /* [90] BattleScript_EffectEncore */ &gBattleScriptData[3777],
    /* [91] BattleScript_EffectPainSplit */ &gBattleScriptData[3805],
    /* [92] BattleScript_EffectSnore */ &gBattleScriptData[3860],
    /* [93] BattleScript_EffectConversion2 */ &gBattleScriptData[3918],
    /* [94] BattleScript_EffectLockOn */ &gBattleScriptData[3939],
    /* [95] BattleScript_EffectSketch */ &gBattleScriptData[3973],
    /* [96] BattleScript_EffectHit */ &gBattleScriptData[856],
    /* [97] BattleScript_EffectSleepTalk */ &gBattleScriptData[4004],
    /* [98] BattleScript_EffectDestinyBond */ &gBattleScriptData[4070],
    /* [99] BattleScript_EffectFlail */ &gBattleScriptData[4087],
    /* [100] BattleScript_EffectSpite */ &gBattleScriptData[4093],
    /* [101] BattleScript_EffectHit */ &gBattleScriptData[856],
    /* [102] BattleScript_EffectHealBell */ &gBattleScriptData[4121],
    /* [103] BattleScript_EffectHit */ &gBattleScriptData[856],
    /* [104] BattleScript_EffectTripleKick */ &gBattleScriptData[4190],
    /* [105] BattleScript_EffectThief */ &gBattleScriptData[4417],
    /* [106] BattleScript_EffectMeanLook */ &gBattleScriptData[4428],
    /* [107] BattleScript_EffectNightmare */ &gBattleScriptData[4478],
    /* [108] BattleScript_EffectMinimize */ &gBattleScriptData[4536],
    /* [109] BattleScript_EffectCurse */ &gBattleScriptData[4549],
    /* [110] BattleScript_EffectHit */ &gBattleScriptData[856],
    /* [111] BattleScript_EffectProtect */ &gBattleScriptData[4750],
    /* [112] BattleScript_EffectSpikes */ &gBattleScriptData[4769],
    /* [113] BattleScript_EffectForesight */ &gBattleScriptData[4790],
    /* [114] BattleScript_EffectPerishSong */ &gBattleScriptData[4814],
    /* [115] BattleScript_EffectSandstorm */ &gBattleScriptData[4879],
    /* [116] BattleScript_EffectEndure */ &gBattleScriptData[4750],
    /* [117] BattleScript_EffectRollout */ &gBattleScriptData[4888],
    /* [118] BattleScript_EffectSwagger */ &gBattleScriptData[4915],
    /* [119] BattleScript_EffectFuryCutter */ &gBattleScriptData[5009],
    /* [120] BattleScript_EffectAttract */ &gBattleScriptData[5040],
    /* [121] BattleScript_EffectReturn */ &gBattleScriptData[5068],
    /* [122] BattleScript_EffectPresent */ &gBattleScriptData[5082],
    /* [123] BattleScript_EffectFrustration */ &gBattleScriptData[5068],
    /* [124] BattleScript_EffectSafeguard */ &gBattleScriptData[5094],
    /* [125] BattleScript_EffectThawHit */ &gBattleScriptData[5103],
    /* [126] BattleScript_EffectMagnitude */ &gBattleScriptData[5114],
    /* [127] BattleScript_EffectBatonPass */ &gBattleScriptData[5133],
    /* [128] BattleScript_EffectHit */ &gBattleScriptData[856],
    /* [129] BattleScript_EffectRapidSpin */ &gBattleScriptData[5192],
    /* [130] BattleScript_EffectSonicboom */ &gBattleScriptData[5203],
    /* [131] BattleScript_EffectHit */ &gBattleScriptData[856],
    /* [132] BattleScript_EffectMorningSun */ &gBattleScriptData[5250],
    /* [133] BattleScript_EffectSynthesis */ &gBattleScriptData[5250],
    /* [134] BattleScript_EffectMoonlight */ &gBattleScriptData[5250],
    /* [135] BattleScript_EffectHiddenPower */ &gBattleScriptData[5263],
    /* [136] BattleScript_EffectRainDance */ &gBattleScriptData[5269],
    /* [137] BattleScript_EffectSunnyDay */ &gBattleScriptData[5293],
    /* [138] BattleScript_EffectDefenseUpHit */ &gBattleScriptData[5302],
    /* [139] BattleScript_EffectAttackUpHit */ &gBattleScriptData[5313],
    /* [140] BattleScript_EffectAllStatsUpHit */ &gBattleScriptData[5324],
    /* [141] BattleScript_EffectHit */ &gBattleScriptData[856],
    /* [142] BattleScript_EffectBellyDrum */ &gBattleScriptData[5335],
    /* [143] BattleScript_EffectPsychUp */ &gBattleScriptData[5369],
    /* [144] BattleScript_EffectMirrorCoat */ &gBattleScriptData[5390],
    /* [145] BattleScript_EffectSkullBash */ &gBattleScriptData[5412],
    /* [146] BattleScript_EffectTwister */ &gBattleScriptData[5491],
    /* [147] BattleScript_EffectEarthquake */ &gBattleScriptData[5528],
    /* [148] BattleScript_EffectFutureSight */ &gBattleScriptData[5660],
    /* [149] BattleScript_EffectGust */ &gBattleScriptData[5683],
    /* [150] BattleScript_EffectStomp */ &gBattleScriptData[5714],
    /* [151] BattleScript_EffectSolarBeam */ &gBattleScriptData[5736],
    /* [152] BattleScript_EffectThunder */ &gBattleScriptData[5822],
    /* [153] BattleScript_EffectTeleport */ &gBattleScriptData[5842],
    /* [154] BattleScript_EffectBeatUp */ &gBattleScriptData[5900],
    /* [155] BattleScript_EffectSemiInvulnerable */ &gBattleScriptData[5987],
    /* [156] BattleScript_EffectDefenseCurl */ &gBattleScriptData[6158],
    /* [157] BattleScript_EffectSoftboiled */ &gBattleScriptData[6192],
    /* [158] BattleScript_EffectFakeOut */ &gBattleScriptData[6241],
    /* [159] BattleScript_EffectUproar */ &gBattleScriptData[6296],
    /* [160] BattleScript_EffectStockpile */ &gBattleScriptData[6328],
    /* [161] BattleScript_EffectSpitUp */ &gBattleScriptData[6347],
    /* [162] BattleScript_EffectSwallow */ &gBattleScriptData[6413],
    /* [163] BattleScript_EffectHit */ &gBattleScriptData[856],
    /* [164] BattleScript_EffectHail */ &gBattleScriptData[6442],
    /* [165] BattleScript_EffectTorment */ &gBattleScriptData[6451],
    /* [166] BattleScript_EffectFlatter */ &gBattleScriptData[6479],
    /* [167] BattleScript_EffectWillOWisp */ &gBattleScriptData[6573],
    /* [168] BattleScript_EffectMemento */ &gBattleScriptData[6692],
    /* [169] BattleScript_EffectFacade */ &gBattleScriptData[6855],
    /* [170] BattleScript_EffectFocusPunch */ &gBattleScriptData[6881],
    /* [171] BattleScript_EffectSmellingsalt */ &gBattleScriptData[6899],
    /* [172] BattleScript_EffectFollowMe */ &gBattleScriptData[6941],
    /* [173] BattleScript_EffectNaturePower */ &gBattleScriptData[6958],
    /* [174] BattleScript_EffectCharge */ &gBattleScriptData[6971],
    /* [175] BattleScript_EffectTaunt */ &gBattleScriptData[6988],
    /* [176] BattleScript_EffectHelpingHand */ &gBattleScriptData[7016],
    /* [177] BattleScript_EffectTrick */ &gBattleScriptData[7037],
    /* [178] BattleScript_EffectRolePlay */ &gBattleScriptData[7083],
    /* [179] BattleScript_EffectWish */ &gBattleScriptData[7111],
    /* [180] BattleScript_EffectAssist */ &gBattleScriptData[7127],
    /* [181] BattleScript_EffectIngrain */ &gBattleScriptData[7150],
    /* [182] BattleScript_EffectSuperpower */ &gBattleScriptData[7171],
    /* [183] BattleScript_EffectMagicCoat */ &gBattleScriptData[7182],
    /* [184] BattleScript_EffectRecycle */ &gBattleScriptData[7203],
    /* [185] BattleScript_EffectRevenge */ &gBattleScriptData[7224],
    /* [186] BattleScript_EffectBrickBreak */ &gBattleScriptData[7230],
    /* [187] BattleScript_EffectYawn */ &gBattleScriptData[7311],
    /* [188] BattleScript_EffectKnockOff */ &gBattleScriptData[7400],
    /* [189] BattleScript_EffectEndeavor */ &gBattleScriptData[7411],
    /* [190] BattleScript_EffectEruption */ &gBattleScriptData[7470],
    /* [191] BattleScript_EffectSkillSwap */ &gBattleScriptData[7476],
    /* [192] BattleScript_EffectImprison */ &gBattleScriptData[7504],
    /* [193] BattleScript_EffectRefresh */ &gBattleScriptData[7525],
    /* [194] BattleScript_EffectGrudge */ &gBattleScriptData[7548],
    /* [195] BattleScript_EffectSnatch */ &gBattleScriptData[7569],
    /* [196] BattleScript_EffectLowKick */ &gBattleScriptData[7593],
    /* [197] BattleScript_EffectSecretPower */ &gBattleScriptData[7609],
    /* [198] BattleScript_EffectDoubleEdge */ &gBattleScriptData[7615],
    /* [199] BattleScript_EffectTeeterDance */ &gBattleScriptData[7626],
    /* [200] BattleScript_EffectBurnHit */ &gBattleScriptData[1200],
    /* [201] BattleScript_EffectMudSport */ &gBattleScriptData[7809],
    /* [202] BattleScript_EffectPoisonFang */ &gBattleScriptData[7832],
    /* [203] BattleScript_EffectWeatherBall */ &gBattleScriptData[7843],
    /* [204] BattleScript_EffectOverheat */ &gBattleScriptData[7849],
    /* [205] BattleScript_EffectTickle */ &gBattleScriptData[7860],
    /* [206] BattleScript_EffectCosmicPower */ &gBattleScriptData[7995],
    /* [207] BattleScript_EffectSkyUppercut */ &gBattleScriptData[8095],
    /* [208] BattleScript_EffectBulkUp */ &gBattleScriptData[8109],
    /* [209] BattleScript_EffectPoisonHit */ &gBattleScriptData[1079],
    /* [210] BattleScript_EffectWaterSport */ &gBattleScriptData[7809],
    /* [211] BattleScript_EffectCalmMind */ &gBattleScriptData[8209],
    /* [212] BattleScript_EffectDragonDance */ &gBattleScriptData[8329],
    /* [213] BattleScript_EffectCamouflage */ &gBattleScriptData[8429],
};

/* Real AI scripts table (overrides data_stubs.c stub) */
const u8 *const gBattleAI_ScriptsTable[32] = {
    /* [0] */ &gBattleScriptData[13720],
    /* [1] */ &gBattleScriptData[21599],
    /* [2] */ &gBattleScriptData[15824],
    /* [3] */ &gBattleScriptData[21649],
    /* [4] */ &gBattleScriptData[21757],
    /* [5] */ &gBattleScriptData[21736],
    /* [6] */ &gBattleScriptData[21801],
    /* [7] */ &gBattleScriptData[21972],
    /* [8] */ &gBattleScriptData[22451],
    /* [9] */ &gBattleScriptData[22797],
    /* [10] */ &gBattleScriptData[22894],
    /* [11] */ &gBattleScriptData[22894],
    /* [12] */ &gBattleScriptData[22894],
    /* [13] */ &gBattleScriptData[22894],
    /* [14] */ &gBattleScriptData[22894],
    /* [15] */ &gBattleScriptData[22894],
    /* [16] */ &gBattleScriptData[22894],
    /* [17] */ &gBattleScriptData[22894],
    /* [18] */ &gBattleScriptData[22894],
    /* [19] */ &gBattleScriptData[22894],
    /* [20] */ &gBattleScriptData[22894],
    /* [21] */ &gBattleScriptData[22894],
    /* [22] */ &gBattleScriptData[22894],
    /* [23] */ &gBattleScriptData[22894],
    /* [24] */ &gBattleScriptData[22894],
    /* [25] */ &gBattleScriptData[22894],
    /* [26] */ &gBattleScriptData[22894],
    /* [27] */ &gBattleScriptData[22894],
    /* [28] */ &gBattleScriptData[22894],
    /* [29] */ &gBattleScriptData[22825],
    /* [30] */ &gBattleScriptData[22871],
    /* [31] */ &gBattleScriptData[22878],
};

void *gBattleVarAddresses[BATTLE_SCRIPT_NUM_VARS];

void InitBattleScriptVarTable(void) {
    gBattleVarAddresses[0] = (void *)&gAbsorbDrainStringIds; /* BSVAR_GABSORBDRAINSTRINGIDS */
    gBattleVarAddresses[1] = (void *)&gBRNPreventionStringIds; /* BSVAR_GBRNPREVENTIONSTRINGIDS */
    gBattleVarAddresses[2] = (void *)&gBallEscapeStringIds; /* BSVAR_GBALLESCAPESTRINGIDS */
    gBattleVarAddresses[3] = (void *)&gBattleCommunication; /* BSVAR_GBATTLECOMMUNICATION */
    gBattleVarAddresses[4] = (void *)&gBattleMoveDamage; /* BSVAR_GBATTLEMOVEDAMAGE */
    gBattleVarAddresses[5] = (void *)&gBattleOutcome; /* BSVAR_GBATTLEOUTCOME */
    gBattleVarAddresses[6] = (void *)&gBattlePalaceFlavorTextTable; /* BSVAR_GBATTLEPALACEFLAVORTEXTTABLE */
    gBattleVarAddresses[7] = (void *)&gBattleScripting; /* BSVAR_GBATTLESCRIPTING */
    gBattleVarAddresses[8] = (void *)&gBattleTextBuff1; /* BSVAR_GBATTLETEXTBUFF1 */
    gBattleVarAddresses[9] = (void *)&gBattleTypeFlags; /* BSVAR_GBATTLETYPEFLAGS */
    gBattleVarAddresses[10] = (void *)&gBattleWeather; /* BSVAR_GBATTLEWEATHER */
    gBattleVarAddresses[11] = (void *)&gBattlerAttacker; /* BSVAR_GBATTLERATTACKER */
    gBattleVarAddresses[12] = (void *)&gBattlerByTurnOrder; /* BSVAR_GBATTLERBYTURNORDER */
    gBattleVarAddresses[13] = (void *)&gBattlerFainted; /* BSVAR_GBATTLERFAINTED */
    gBattleVarAddresses[14] = (void *)&gBattlerTarget; /* BSVAR_GBATTLERTARGET */
    gBattleVarAddresses[15] = (void *)&gBattlersCount; /* BSVAR_GBATTLERSCOUNT */
    gBattleVarAddresses[16] = (void *)&gBerryEffectStringIds; /* BSVAR_GBERRYEFFECTSTRINGIDS */
    gBattleVarAddresses[17] = (void *)&gCaughtMonStringIds; /* BSVAR_GCAUGHTMONSTRINGIDS */
    gBattleVarAddresses[18] = (void *)&gChosenMove; /* BSVAR_GCHOSENMOVE */
    gBattleVarAddresses[19] = (void *)&gCritMultiplier; /* BSVAR_GCRITMULTIPLIER */
    gBattleVarAddresses[20] = (void *)&gCurrentMove; /* BSVAR_GCURRENTMOVE */
    gBattleVarAddresses[21] = (void *)&gDynamicBasePower; /* BSVAR_GDYNAMICBASEPOWER */
    gBattleVarAddresses[22] = (void *)&gEffectBattler; /* BSVAR_GEFFECTBATTLER */
    gBattleVarAddresses[23] = (void *)&gFellAsleepStringIds; /* BSVAR_GFELLASLEEPSTRINGIDS */
    gBattleVarAddresses[24] = (void *)&gFirstTurnOfTwoStringIds; /* BSVAR_GFIRSTTURNOFTWOSTRINGIDS */
    gBattleVarAddresses[25] = (void *)&gFlashFireStringIds; /* BSVAR_GFLASHFIRESTRINGIDS */
    gBattleVarAddresses[26] = (void *)&gFocusEnergyUsedStringIds; /* BSVAR_GFOCUSENERGYUSEDSTRINGIDS */
    gBattleVarAddresses[27] = (void *)&gFutureMoveUsedStringIds; /* BSVAR_GFUTUREMOVEUSEDSTRINGIDS */
    gBattleVarAddresses[28] = (void *)&gGotBurnedStringIds; /* BSVAR_GGOTBURNEDSTRINGIDS */
    gBattleVarAddresses[29] = (void *)&gGotDefrostedStringIds; /* BSVAR_GGOTDEFROSTEDSTRINGIDS */
    gBattleVarAddresses[30] = (void *)&gGotFrozenStringIds; /* BSVAR_GGOTFROZENSTRINGIDS */
    gBattleVarAddresses[31] = (void *)&gGotParalyzedStringIds; /* BSVAR_GGOTPARALYZEDSTRINGIDS */
    gBattleVarAddresses[32] = (void *)&gGotPoisonedStringIds; /* BSVAR_GGOTPOISONEDSTRINGIDS */
    gBattleVarAddresses[33] = (void *)&gHitMarker; /* BSVAR_GHITMARKER */
    gBattleVarAddresses[34] = (void *)&gHpDealt; /* BSVAR_GHPDEALT */
    gBattleVarAddresses[35] = (void *)&gInobedientStringIds; /* BSVAR_GINOBEDIENTSTRINGIDS */
    gBattleVarAddresses[36] = (void *)&gItemSwapStringIds; /* BSVAR_GITEMSWAPSTRINGIDS */
    gBattleVarAddresses[37] = (void *)&gKOFailedStringIds; /* BSVAR_GKOFAILEDSTRINGIDS */
    gBattleVarAddresses[38] = (void *)&gLastUsedItem; /* BSVAR_GLASTUSEDITEM */
    gBattleVarAddresses[39] = (void *)&gLeechSeedStringIds; /* BSVAR_GLEECHSEEDSTRINGIDS */
    gBattleVarAddresses[40] = (void *)&gMistUsedStringIds; /* BSVAR_GMISTUSEDSTRINGIDS */
    gBattleVarAddresses[41] = (void *)&gMoveResultFlags; /* BSVAR_GMOVERESULTFLAGS */
    gBattleVarAddresses[42] = (void *)&gMoveWeatherChangeStringIds; /* BSVAR_GMOVEWEATHERCHANGESTRINGIDS */
    gBattleVarAddresses[43] = (void *)&gNoEscapeStringIds; /* BSVAR_GNOESCAPESTRINGIDS */
    gBattleVarAddresses[44] = (void *)&gNumSafariBalls; /* BSVAR_GNUMSAFARIBALLS */
    gBattleVarAddresses[45] = (void *)&gPRLZPreventionStringIds; /* BSVAR_GPRLZPREVENTIONSTRINGIDS */
    gBattleVarAddresses[46] = (void *)&gPSNPreventionStringIds; /* BSVAR_GPSNPREVENTIONSTRINGIDS */
    gBattleVarAddresses[47] = (void *)&gPartyStatusHealStringIds; /* BSVAR_GPARTYSTATUSHEALSTRINGIDS */
    gBattleVarAddresses[48] = (void *)&gProtectLikeUsedStringIds; /* BSVAR_GPROTECTLIKEUSEDSTRINGIDS */
    gBattleVarAddresses[49] = (void *)&gRainContinuesStringIds; /* BSVAR_GRAINCONTINUESSTRINGIDS */
    gBattleVarAddresses[50] = (void *)&gReflectLightScreenSafeguardStringIds; /* BSVAR_GREFLECTLIGHTSCREENSAFEGUARDSTRINGIDS */
    gBattleVarAddresses[51] = (void *)&gRestUsedStringIds; /* BSVAR_GRESTUSEDSTRINGIDS */
    gBattleVarAddresses[52] = (void *)&gSafariGetNearStringIds; /* BSVAR_GSAFARIGETNEARSTRINGIDS */
    gBattleVarAddresses[53] = (void *)&gSafariPokeblockResultStringIds; /* BSVAR_GSAFARIPOKEBLOCKRESULTSTRINGIDS */
    gBattleVarAddresses[54] = (void *)&gSandStormHailContinuesStringIds; /* BSVAR_GSANDSTORMHAILCONTINUESSTRINGIDS */
    gBattleVarAddresses[55] = (void *)&gSandStormHailDmgStringIds; /* BSVAR_GSANDSTORMHAILDMGSTRINGIDS */
    gBattleVarAddresses[56] = (void *)&gSandStormHailEndStringIds; /* BSVAR_GSANDSTORMHAILENDSTRINGIDS */
    gBattleVarAddresses[57] = (void *)&gSportsUsedStringIds; /* BSVAR_GSPORTSUSEDSTRINGIDS */
    gBattleVarAddresses[58] = (void *)&gStatDownStringIds; /* BSVAR_GSTATDOWNSTRINGIDS */
    gBattleVarAddresses[59] = (void *)&gStatUpStringIds; /* BSVAR_GSTATUPSTRINGIDS */
    gBattleVarAddresses[60] = (void *)&gStockpileUsedStringIds; /* BSVAR_GSTOCKPILEUSEDSTRINGIDS */
    gBattleVarAddresses[61] = (void *)&gSubstituteUsedStringIds; /* BSVAR_GSUBSTITUTEUSEDSTRINGIDS */
    gBattleVarAddresses[62] = (void *)&gSwallowFailStringIds; /* BSVAR_GSWALLOWFAILSTRINGIDS */
    gBattleVarAddresses[63] = (void *)&gTrainerBattleOpponent_A; /* BSVAR_GTRAINERBATTLEOPPONENT_A */
    gBattleVarAddresses[64] = (void *)&gTrainerItemCuredStatusStringIds; /* BSVAR_GTRAINERITEMCUREDSTATUSSTRINGIDS */
    gBattleVarAddresses[65] = (void *)&gTransformUsedStringIds; /* BSVAR_GTRANSFORMUSEDSTRINGIDS */
    gBattleVarAddresses[66] = (void *)&gUproarAwakeStringIds; /* BSVAR_GUPROARAWAKESTRINGIDS */
    gBattleVarAddresses[67] = (void *)&gUproarOverTurnStringIds; /* BSVAR_GUPROAROVERTURNSTRINGIDS */
    gBattleVarAddresses[68] = (void *)&gWeatherStartsStringIds; /* BSVAR_GWEATHERSTARTSSTRINGIDS */
    gBattleVarAddresses[69] = (void *)&gWokeUpStringIds; /* BSVAR_GWOKEUPSTRINGIDS */
    gBattleVarAddresses[70] = (void *)&gWrappedStringIds; /* BSVAR_GWRAPPEDSTRINGIDS */
}
